timestamp,voltage,resistance
"07/25/2022, 13:26:38",541.5,220
"07/25/2022, 13:26:42",541.375,220
"07/25/2022, 13:26:46",541.25,220
"07/25/2022, 13:26:50",541.125,220
"07/25/2022, 13:26:54",541.125,220
"07/25/2022, 13:26:58",0.0,220
"07/25/2022, 13:27:02",0.0,220
"07/25/2022, 13:27:06",0.0,220
"07/25/2022, 13:27:10",0.0,220
"07/25/2022, 13:27:14",0.0,220
"07/25/2022, 13:27:18",0.0,220
"07/25/2022, 13:27:22",0.0,220
"07/25/2022, 13:27:26",0.0,220
"07/25/2022, 13:27:30",0.0,220
"07/25/2022, 13:27:34",0.0,220
"07/25/2022, 13:27:38",0.0,220
"07/25/2022, 13:27:42",2999.125,220
"07/25/2022, 13:27:46",2962.25,220
"07/25/2022, 13:27:50",2924.625,220
"07/25/2022, 13:27:54",2894.125,220
"07/25/2022, 13:27:58",2873.25,220
"07/25/2022, 13:28:02",2860.625,220
"07/25/2022, 13:28:06",2854.125,220
"07/25/2022, 13:28:10",2850.0,220
"07/25/2022, 13:28:14",2847.625,220
"07/25/2022, 13:28:18",2846.0,220
"07/25/2022, 13:28:22",2845.0,220
"07/25/2022, 13:28:26",2844.0,220
"07/25/2022, 13:28:30",2843.0,220
"07/25/2022, 13:28:34",2842.625,220
"07/25/2022, 13:28:38",2842.0,220
"07/25/2022, 13:28:42",2841.0,220
"07/25/2022, 13:28:46",2841.0,220
"07/25/2022, 13:28:50",2840.0,220
"07/25/2022, 13:28:54",2840.0,220
"07/25/2022, 13:28:58",2839.25,220
"07/25/2022, 13:29:02",2839.0,220
"07/25/2022, 13:29:06",2838.125,220
"07/25/2022, 13:29:10",2838.0,220
"07/25/2022, 13:29:14",2838.0,220
"07/25/2022, 13:29:18",2837.0,220
"07/25/2022, 13:29:22",2837.0,220
"07/25/2022, 13:29:26",2837.0,220
"07/25/2022, 13:29:30",2836.625,220
"07/25/2022, 13:29:34",2836.0,220
"07/25/2022, 13:29:38",2836.0,220
"07/25/2022, 13:29:42",2835.0,220
"07/25/2022, 13:29:46",2835.0,220
"07/25/2022, 13:29:50",2835.0,220
"07/25/2022, 13:29:54",2834.0,220
"07/25/2022, 13:29:58",2834.0,220
"07/25/2022, 13:30:02",2833.0,220
"07/25/2022, 13:30:06",2833.0,220
"07/25/2022, 13:30:10",2832.5,220
"07/25/2022, 13:30:14",2832.0,220
"07/25/2022, 13:30:18",2831.25,220
"07/25/2022, 13:30:22",2831.0,220
"07/25/2022, 13:30:26",2830.375,220
"07/25/2022, 13:30:30",2830.0,220
"07/25/2022, 13:30:34",2830.0,220
"07/25/2022, 13:30:38",2830.0,220
"07/25/2022, 13:30:42",2829.0,220
"07/25/2022, 13:30:46",2829.0,220
"07/25/2022, 13:30:50",2829.0,220
"07/25/2022, 13:30:54",2828.0,220
"07/25/2022, 13:30:58",2828.0,220
"07/25/2022, 13:31:02",2828.0,220
"07/25/2022, 13:31:06",2827.125,220
"07/25/2022, 13:31:10",2827.0,220
"07/25/2022, 13:31:14",2827.0,220
"07/25/2022, 13:31:18",2826.0,220
"07/25/2022, 13:31:22",2826.0,220
"07/25/2022, 13:31:26",2826.0,220
"07/25/2022, 13:31:30",2825.875,220
"07/25/2022, 13:31:34",2825.0,220
"07/25/2022, 13:31:38",2825.0,220
"07/25/2022, 13:31:42",2824.25,220
"07/25/2022, 13:31:46",2824.0,220
"07/25/2022, 13:31:50",2824.0,220
"07/25/2022, 13:31:54",2824.0,220
"07/25/2022, 13:31:58",2823.875,220
"07/25/2022, 13:32:02",2823.0,220
"07/25/2022, 13:32:06",2823.0,220
"07/25/2022, 13:32:10",2823.0,220
"07/25/2022, 13:32:14",2823.0,220
"07/25/2022, 13:32:18",2822.25,220
"07/25/2022, 13:32:22",2822.0,220
"07/25/2022, 13:32:26",2822.0,220
"07/25/2022, 13:32:30",2822.0,220
"07/25/2022, 13:32:34",2822.0,220
"07/25/2022, 13:32:38",2821.125,220
"07/25/2022, 13:32:42",2821.0,220
"07/25/2022, 13:32:46",2821.0,220
"07/25/2022, 13:32:50",2821.0,220
"07/25/2022, 13:32:54",2821.0,220
"07/25/2022, 13:32:58",2821.0,220
"07/25/2022, 13:33:02",2820.5,220
"07/25/2022, 13:33:06",2821.0,220
"07/25/2022, 13:33:10",2820.625,220
"07/25/2022, 13:33:14",2820.0,220
"07/25/2022, 13:33:18",2820.0,220
"07/25/2022, 13:33:22",2820.0,220
"07/25/2022, 13:33:26",2820.0,220
"07/25/2022, 13:33:30",2819.0,220
"07/25/2022, 13:33:34",2819.0,220
"07/25/2022, 13:33:38",2819.0,220
"07/25/2022, 13:33:42",2819.0,220
"07/25/2022, 13:33:46",2819.0,220
"07/25/2022, 13:33:50",2819.0,220
"07/25/2022, 13:33:54",2819.0,220
"07/25/2022, 13:33:58",2818.125,220
"07/25/2022, 13:34:02",2818.0,220
"07/25/2022, 13:34:06",2818.0,220
"07/25/2022, 13:34:10",2818.0,220
"07/25/2022, 13:34:14",2818.0,220
"07/25/2022, 13:34:18",2817.875,220
"07/25/2022, 13:34:22",2817.75,220
"07/25/2022, 13:34:26",2817.0,220
"07/25/2022, 13:34:30",2817.0,220
"07/25/2022, 13:34:34",2817.0,220
"07/25/2022, 13:34:38",2817.0,220
"07/25/2022, 13:34:42",2817.0,220
"07/25/2022, 13:34:46",2817.0,220
"07/25/2022, 13:34:50",2817.0,220
"07/25/2022, 13:34:54",2817.0,220
"07/25/2022, 13:34:58",2817.0,220
"07/25/2022, 13:35:02",2816.875,220
"07/25/2022, 13:35:06",2816.375,220
"07/25/2022, 13:35:10",2816.0,220
"07/25/2022, 13:35:14",2816.0,220
"07/25/2022, 13:35:18",2816.0,220
"07/25/2022, 13:35:22",2816.0,220
"07/25/2022, 13:35:26",2816.0,220
"07/25/2022, 13:35:30",2816.0,220
"07/25/2022, 13:35:34",2816.0,220
"07/25/2022, 13:35:38",2815.625,220
"07/25/2022, 13:35:42",2815.0,220
"07/25/2022, 13:35:46",2815.0,220
"07/25/2022, 13:35:50",2815.0,220
"07/25/2022, 13:35:54",2815.0,220
"07/25/2022, 13:35:58",2815.0,220
"07/25/2022, 13:36:02",2815.0,220
"07/25/2022, 13:36:06",2814.625,220
"07/25/2022, 13:36:10",2814.25,220
"07/25/2022, 13:36:14",2814.0,220
"07/25/2022, 13:36:18",2814.0,220
"07/25/2022, 13:36:22",2814.0,220
"07/25/2022, 13:36:26",2814.0,220
"07/25/2022, 13:36:30",2814.0,220
"07/25/2022, 13:36:34",2814.0,220
"07/25/2022, 13:36:38",2814.0,220
"07/25/2022, 13:36:42",2814.0,220
"07/25/2022, 13:36:46",2814.0,220
"07/25/2022, 13:36:50",2814.0,220
"07/25/2022, 13:36:54",2814.0,220
"07/25/2022, 13:36:58",2814.0,220
"07/25/2022, 13:37:02",2814.0,220
"07/25/2022, 13:37:06",2814.0,220
"07/25/2022, 13:37:10",2814.0,220
"07/25/2022, 13:37:14",2814.0,220
"07/25/2022, 13:37:18",2814.0,220
"07/25/2022, 13:37:22",2814.0,220
"07/25/2022, 13:37:26",2814.0,220
"07/25/2022, 13:37:30",2813.0,220
"07/25/2022, 13:37:34",2813.0,220
"07/25/2022, 13:37:38",2813.0,220
"07/25/2022, 13:37:42",2813.0,220
"07/25/2022, 13:37:46",2813.0,220
"07/25/2022, 13:37:50",2813.0,220
"07/25/2022, 13:37:54",2812.25,220
"07/25/2022, 13:37:58",2812.75,220
"07/25/2022, 13:38:02",2812.0,220
"07/25/2022, 13:38:06",2812.0,220
"07/25/2022, 13:38:10",2812.0,220
"07/25/2022, 13:38:14",2812.0,220
"07/25/2022, 13:38:18",2812.0,220
"07/25/2022, 13:38:22",2812.0,220
"07/25/2022, 13:38:26",2812.0,220
"07/25/2022, 13:38:30",2812.0,220
"07/25/2022, 13:38:34",2812.0,220
"07/25/2022, 13:38:38",2812.0,220
"07/25/2022, 13:38:42",2811.5,220
"07/25/2022, 13:38:46",2811.0,220
"07/25/2022, 13:38:50",2811.0,220
"07/25/2022, 13:38:54",2811.0,220
"07/25/2022, 13:38:58",2811.0,220
"07/25/2022, 13:39:02",2811.0,220
"07/25/2022, 13:39:06",2811.0,220
"07/25/2022, 13:39:10",2811.0,220
"07/25/2022, 13:39:14",2810.5,220
"07/25/2022, 13:39:18",2810.0,220
"07/25/2022, 13:39:22",2810.0,220
"07/25/2022, 13:39:26",2810.0,220
"07/25/2022, 13:39:30",2810.0,220
"07/25/2022, 13:39:34",2810.0,220
"07/25/2022, 13:39:38",2810.0,220
"07/25/2022, 13:39:42",2810.0,220
"07/25/2022, 13:39:46",2809.75,220
"07/25/2022, 13:39:50",2809.375,220
"07/25/2022, 13:39:54",2809.5,220
"07/25/2022, 13:39:58",2809.25,220
"07/25/2022, 13:40:02",2809.0,220
"07/25/2022, 13:40:06",2809.0,220
"07/25/2022, 13:40:10",2809.0,220
"07/25/2022, 13:40:14",2809.0,220
"07/25/2022, 13:40:18",2809.0,220
"07/25/2022, 13:40:22",2809.0,220
"07/25/2022, 13:40:26",2809.0,220
"07/25/2022, 13:40:30",2809.0,220
"07/25/2022, 13:40:34",2809.0,220
"07/25/2022, 13:40:38",2808.625,220
"07/25/2022, 13:40:42",2808.0,220
"07/25/2022, 13:40:46",2808.25,220
"07/25/2022, 13:40:50",2808.0,220
"07/25/2022, 13:40:54",2808.0,220
"07/25/2022, 13:40:58",2808.0,220
"07/25/2022, 13:41:02",2808.0,220
"07/25/2022, 13:41:06",2808.0,220
"07/25/2022, 13:41:10",2808.0,220
"07/25/2022, 13:41:14",2808.0,220
"07/25/2022, 13:41:18",2808.0,220
"07/25/2022, 13:41:22",2808.0,220
"07/25/2022, 13:41:26",2807.625,220
"07/25/2022, 13:41:30",2807.125,220
"07/25/2022, 13:41:34",2807.125,220
"07/25/2022, 13:41:38",2807.0,220
"07/25/2022, 13:41:42",2807.0,220
"07/25/2022, 13:41:46",2807.0,220
"07/25/2022, 13:41:50",2807.0,220
"07/25/2022, 13:41:54",2807.0,220
"07/25/2022, 13:41:58",2807.0,220
"07/25/2022, 13:42:02",2807.0,220
"07/25/2022, 13:42:06",2807.0,220
"07/25/2022, 13:42:10",2807.0,220
"07/25/2022, 13:42:14",2807.0,220
"07/25/2022, 13:42:18",2806.875,220
"07/25/2022, 13:42:22",2806.625,220
"07/25/2022, 13:42:26",2806.125,220
"07/25/2022, 13:42:30",2806.0,220
"07/25/2022, 13:42:34",2806.0,220
"07/25/2022, 13:42:38",2806.0,220
"07/25/2022, 13:42:42",2806.875,220
"07/25/2022, 13:42:46",2807.0,220
"07/25/2022, 13:42:50",2806.625,220
"07/25/2022, 13:42:54",2806.125,220
"07/25/2022, 13:42:58",2806.0,220
"07/25/2022, 13:43:02",2806.0,220
"07/25/2022, 13:43:06",2806.0,220
"07/25/2022, 13:43:10",2806.0,220
"07/25/2022, 13:43:14",2806.0,220
"07/25/2022, 13:43:18",2806.0,220
"07/25/2022, 13:43:22",2806.0,220
"07/25/2022, 13:43:26",2806.0,220
"07/25/2022, 13:43:30",2806.0,220
"07/25/2022, 13:43:34",2806.0,220
"07/25/2022, 13:43:38",2806.0,220
"07/25/2022, 13:43:42",2805.125,220
"07/25/2022, 13:43:46",2805.0,220
"07/25/2022, 13:43:50",2805.0,220
"07/25/2022, 13:43:54",2805.0,220
"07/25/2022, 13:43:58",2805.0,220
"07/25/2022, 13:44:02",2805.0,220
"07/25/2022, 13:44:06",2805.0,220
"07/25/2022, 13:44:10",2804.875,220
"07/25/2022, 13:44:14",2804.625,220
"07/25/2022, 13:44:18",2804.0,220
"07/25/2022, 13:44:22",2804.0,220
"07/25/2022, 13:44:26",2804.0,220
"07/25/2022, 13:44:30",2803.875,220
"07/25/2022, 13:44:34",2803.25,220
"07/25/2022, 13:44:38",2803.0,220
"07/25/2022, 13:44:42",2803.0,220
"07/25/2022, 13:44:46",2803.0,220
"07/25/2022, 13:44:50",2803.0,220
"07/25/2022, 13:44:54",2803.0,220
"07/25/2022, 13:44:58",2803.0,220
"07/25/2022, 13:45:02",2803.0,220
"07/25/2022, 13:45:06",2802.5,220
"07/25/2022, 13:45:10",2802.0,220
"07/25/2022, 13:45:14",2802.0,220
"07/25/2022, 13:45:18",2803.0,220
"07/25/2022, 13:45:22",2802.875,220
"07/25/2022, 13:45:26",2802.5,220
"07/25/2022, 13:45:30",2802.0,220
"07/25/2022, 13:45:34",2802.0,220
"07/25/2022, 13:45:38",2802.0,220
"07/25/2022, 13:45:42",2802.0,220
"07/25/2022, 13:45:46",2802.0,220
"07/25/2022, 13:45:50",2802.0,220
"07/25/2022, 13:45:54",2802.0,220
"07/25/2022, 13:45:58",2802.0,220
"07/25/2022, 13:46:02",2802.0,220
"07/25/2022, 13:46:06",2802.0,220
"07/25/2022, 13:46:10",2802.0,220
"07/25/2022, 13:46:14",2801.875,220
"07/25/2022, 13:46:18",2801.375,220
"07/25/2022, 13:46:22",2801.625,220
"07/25/2022, 13:46:26",2801.0,220
"07/25/2022, 13:46:30",2801.875,220
"07/25/2022, 13:46:34",2801.875,220
"07/25/2022, 13:46:38",2801.125,220
"07/25/2022, 13:46:42",2801.0,220
"07/25/2022, 13:46:46",2801.0,220
"07/25/2022, 13:46:50",2801.25,220
"07/25/2022, 13:46:54",2801.0,220
"07/25/2022, 13:46:58",2801.0,220
"07/25/2022, 13:47:02",2801.0,220
"07/25/2022, 13:47:06",2801.0,220
"07/25/2022, 13:47:10",2801.0,220
"07/25/2022, 13:47:14",2801.0,220
"07/25/2022, 13:47:18",2801.0,220
"07/25/2022, 13:47:22",2801.0,220
"07/25/2022, 13:47:26",2801.0,220
"07/25/2022, 13:47:30",2801.0,220
"07/25/2022, 13:47:34",2801.0,220
"07/25/2022, 13:47:38",2800.125,220
"07/25/2022, 13:47:42",2800.25,220
"07/25/2022, 13:47:46",2800.0,220
"07/25/2022, 13:47:50",2800.0,220
"07/25/2022, 13:47:54",2800.0,220
"07/25/2022, 13:47:58",2800.0,220
"07/25/2022, 13:48:02",2800.0,220
"07/25/2022, 13:48:06",2800.0,220
"07/25/2022, 13:48:10",2800.0,220
"07/25/2022, 13:48:14",2800.0,220
"07/25/2022, 13:48:18",2800.0,220
"07/25/2022, 13:48:22",2799.5,220
"07/25/2022, 13:48:26",2800.0,220
"07/25/2022, 13:48:30",2799.25,220
"07/25/2022, 13:48:34",2799.0,220
"07/25/2022, 13:48:38",2799.0,220
"07/25/2022, 13:48:42",2799.0,220
"07/25/2022, 13:48:46",2799.0,220
"07/25/2022, 13:48:50",2799.0,220
"07/25/2022, 13:48:54",2799.0,220
"07/25/2022, 13:48:58",2799.0,220
"07/25/2022, 13:49:02",2799.0,220
"07/25/2022, 13:49:06",2798.125,220
"07/25/2022, 13:49:10",2798.0,220
"07/25/2022, 13:49:14",2798.0,220
"07/25/2022, 13:49:18",2798.0,220
"07/25/2022, 13:49:22",2798.0,220
"07/25/2022, 13:49:26",2798.0,220
"07/25/2022, 13:49:30",2798.0,220
"07/25/2022, 13:49:34",2798.0,220
"07/25/2022, 13:49:38",2797.75,220
"07/25/2022, 13:49:42",2797.0,220
"07/25/2022, 13:49:46",2797.0,220
"07/25/2022, 13:49:50",2797.0,220
"07/25/2022, 13:49:54",2797.0,220
"07/25/2022, 13:49:58",2797.0,220
"07/25/2022, 13:50:02",2797.0,220
"07/25/2022, 13:50:06",2797.0,220
"07/25/2022, 13:50:10",2797.0,220
"07/25/2022, 13:50:14",2797.0,220
"07/25/2022, 13:50:18",2797.0,220
"07/25/2022, 13:50:22",2797.0,220
"07/25/2022, 13:50:26",2797.0,220
"07/25/2022, 13:50:30",2797.0,220
"07/25/2022, 13:50:34",2797.0,220
"07/25/2022, 13:50:38",2796.125,220
"07/25/2022, 13:50:42",2796.0,220
"07/25/2022, 13:50:46",2796.0,220
"07/25/2022, 13:50:50",2796.0,220
"07/25/2022, 13:50:54",2796.0,220
"07/25/2022, 13:50:58",2796.0,220
"07/25/2022, 13:51:02",2796.0,220
"07/25/2022, 13:51:06",2796.0,220
"07/25/2022, 13:51:10",2795.875,220
"07/25/2022, 13:51:14",2796.0,220
"07/25/2022, 13:51:18",2796.0,220
"07/25/2022, 13:51:22",2796.0,220
"07/25/2022, 13:51:26",2795.875,220
"07/25/2022, 13:51:30",2795.375,220
"07/25/2022, 13:51:34",2795.0,220
"07/25/2022, 13:51:38",2795.0,220
"07/25/2022, 13:51:42",2795.0,220
"07/25/2022, 13:51:46",2795.0,220
"07/25/2022, 13:51:50",2795.0,220
"07/25/2022, 13:51:54",2795.0,220
"07/25/2022, 13:51:58",2795.0,220
"07/25/2022, 13:52:02",2795.0,220
"07/25/2022, 13:52:06",2795.0,220
"07/25/2022, 13:52:10",2795.0,220
"07/25/2022, 13:52:14",2795.0,220
"07/25/2022, 13:52:18",2795.0,220
"07/25/2022, 13:52:22",2794.625,220
"07/25/2022, 13:52:26",2795.0,220
"07/25/2022, 13:52:30",2794.625,220
"07/25/2022, 13:52:34",2794.0,220
"07/25/2022, 13:52:38",2794.0,220
"07/25/2022, 13:52:42",2794.0,220
"07/25/2022, 13:52:46",2794.0,220
"07/25/2022, 13:52:50",2794.0,220
"07/25/2022, 13:52:54",2794.0,220
"07/25/2022, 13:52:58",2794.0,220
"07/25/2022, 13:53:02",2794.0,220
"07/25/2022, 13:53:06",2794.0,220
"07/25/2022, 13:53:10",2793.375,220
"07/25/2022, 13:53:14",2793.0,220
"07/25/2022, 13:53:18",2793.0,220
"07/25/2022, 13:53:22",2793.0,220
"07/25/2022, 13:53:26",2793.0,220
"07/25/2022, 13:53:30",2793.0,220
"07/25/2022, 13:53:34",2793.0,220
"07/25/2022, 13:53:38",2793.0,220
"07/25/2022, 13:53:42",2793.0,220
"07/25/2022, 13:53:46",2793.0,220
"07/25/2022, 13:53:50",2793.0,220
"07/25/2022, 13:53:54",2792.75,220
"07/25/2022, 13:53:58",2792.625,220
"07/25/2022, 13:54:02",2792.375,220
"07/25/2022, 13:54:06",2792.0,220
"07/25/2022, 13:54:10",2792.0,220
"07/25/2022, 13:54:14",2792.0,220
"07/25/2022, 13:54:18",2792.0,220
"07/25/2022, 13:54:22",2792.0,220
"07/25/2022, 13:54:26",2792.0,220
"07/25/2022, 13:54:30",2792.0,220
"07/25/2022, 13:54:34",2792.0,220
"07/25/2022, 13:54:38",2791.125,220
"07/25/2022, 13:54:42",2791.0,220
"07/25/2022, 13:54:46",2791.0,220
"07/25/2022, 13:54:50",2791.0,220
"07/25/2022, 13:54:54",2791.0,220
"07/25/2022, 13:54:58",2791.0,220
"07/25/2022, 13:55:02",2791.0,220
"07/25/2022, 13:55:06",2791.0,220
"07/25/2022, 13:55:10",2790.875,220
"07/25/2022, 13:55:14",2790.0,220
"07/25/2022, 13:55:18",2790.0,220
"07/25/2022, 13:55:22",2790.0,220
"07/25/2022, 13:55:26",2790.0,220
"07/25/2022, 13:55:30",2790.0,220
"07/25/2022, 13:55:34",2790.0,220
"07/25/2022, 13:55:38",2790.0,220
"07/25/2022, 13:55:42",2790.0,220
"07/25/2022, 13:55:46",2790.0,220
"07/25/2022, 13:55:50",2789.625,220
"07/25/2022, 13:55:54",2789.125,220
"07/25/2022, 13:55:58",2789.0,220
"07/25/2022, 13:56:02",2789.0,220
"07/25/2022, 13:56:06",2789.0,220
"07/25/2022, 13:56:10",2789.0,220
"07/25/2022, 13:56:14",2789.0,220
"07/25/2022, 13:56:18",2789.0,220
"07/25/2022, 13:56:22",2788.75,220
"07/25/2022, 13:56:26",2788.75,220
"07/25/2022, 13:56:30",2788.0,220
"07/25/2022, 13:56:34",2788.125,220
"07/25/2022, 13:56:38",2788.0,220
"07/25/2022, 13:56:42",2788.0,220
"07/25/2022, 13:56:46",2788.0,220
"07/25/2022, 13:56:50",2788.0,220
"07/25/2022, 13:56:54",2788.0,220
"07/25/2022, 13:56:58",2788.0,220
"07/25/2022, 13:57:02",2788.0,220
"07/25/2022, 13:57:06",2787.5,220
"07/25/2022, 13:57:10",2788.0,220
"07/25/2022, 13:57:14",2788.0,220
"07/25/2022, 13:57:18",2787.125,220
"07/25/2022, 13:57:22",2787.0,220
"07/25/2022, 13:57:26",2787.0,220
"07/25/2022, 13:57:30",2787.0,220
"07/25/2022, 13:57:34",2787.0,220
"07/25/2022, 13:57:38",2787.0,220
"07/25/2022, 13:57:42",2787.0,220
"07/25/2022, 13:57:46",2787.0,220
"07/25/2022, 13:57:50",2787.0,220
"07/25/2022, 13:57:54",2787.0,220
"07/25/2022, 13:57:58",2786.0,220
"07/25/2022, 13:58:02",2786.0,220
"07/25/2022, 13:58:06",2786.0,220
"07/25/2022, 13:58:10",2786.0,220
"07/25/2022, 13:58:14",2786.0,220
"07/25/2022, 13:58:18",2786.0,220
"07/25/2022, 13:58:22",2786.0,220
"07/25/2022, 13:58:26",2786.0,220
"07/25/2022, 13:58:30",2786.0,220
"07/25/2022, 13:58:34",2786.0,220
"07/25/2022, 13:58:38",2786.0,220
"07/25/2022, 13:58:42",2785.625,220
"07/25/2022, 13:58:46",2785.125,220
"07/25/2022, 13:58:50",2785.0,220
"07/25/2022, 13:58:54",2785.0,220
"07/25/2022, 13:58:58",2785.0,220
"07/25/2022, 13:59:02",2785.0,220
"07/25/2022, 13:59:06",2785.0,220
"07/25/2022, 13:59:10",2785.0,220
"07/25/2022, 13:59:14",2785.0,220
"07/25/2022, 13:59:18",2785.0,220
"07/25/2022, 13:59:22",2784.875,220
"07/25/2022, 13:59:26",2784.375,220
"07/25/2022, 13:59:30",2784.125,220
"07/25/2022, 13:59:34",2784.0,220
"07/25/2022, 13:59:38",2784.0,220
"07/25/2022, 13:59:42",2784.0,220
"07/25/2022, 13:59:46",2784.0,220
"07/25/2022, 13:59:50",2784.0,220
"07/25/2022, 13:59:54",2784.0,220
"07/25/2022, 13:59:58",2784.0,220
"07/25/2022, 14:00:02",2783.25,220
"07/25/2022, 14:00:06",2783.25,220
"07/25/2022, 14:00:10",2783.0,220
"07/25/2022, 14:00:14",2783.0,220
"07/25/2022, 14:00:18",2783.0,220
"07/25/2022, 14:00:22",2783.0,220
"07/25/2022, 14:00:26",2783.0,220
"07/25/2022, 14:00:30",2783.0,220
"07/25/2022, 14:00:34",2783.0,220
"07/25/2022, 14:00:38",2782.25,220
"07/25/2022, 14:00:42",2782.0,220
"07/25/2022, 14:00:46",2782.0,220
"07/25/2022, 14:00:50",2782.0,220
"07/25/2022, 14:00:54",2782.0,220
"07/25/2022, 14:00:58",2782.0,220
"07/25/2022, 14:01:02",2782.0,220
"07/25/2022, 14:01:06",2781.875,220
"07/25/2022, 14:01:10",2781.25,220
"07/25/2022, 14:01:14",2781.0,220
"07/25/2022, 14:01:18",2781.0,220
"07/25/2022, 14:01:22",2781.0,220
"07/25/2022, 14:01:26",2781.0,220
"07/25/2022, 14:01:30",2780.625,220
"07/25/2022, 14:01:34",2780.875,220
"07/25/2022, 14:01:38",2780.0,220
"07/25/2022, 14:01:42",2780.125,220
"07/25/2022, 14:01:46",2780.0,220
"07/25/2022, 14:01:50",2780.0,220
"07/25/2022, 14:01:54",2780.0,220
"07/25/2022, 14:01:58",2780.0,220
"07/25/2022, 14:02:02",2780.0,220
"07/25/2022, 14:02:06",2780.0,220
"07/25/2022, 14:02:10",2780.0,220
"07/25/2022, 14:02:14",2780.0,220
"07/25/2022, 14:02:18",2780.0,220
"07/25/2022, 14:02:22",2779.0,220
"07/25/2022, 14:02:26",2779.0,220
"07/25/2022, 14:02:30",2779.0,220
"07/25/2022, 14:02:34",2779.0,220
"07/25/2022, 14:02:38",2779.0,220
"07/25/2022, 14:02:42",2779.0,220
"07/25/2022, 14:02:46",2779.0,220
"07/25/2022, 14:02:50",2779.0,220
"07/25/2022, 14:02:54",2778.375,220
"07/25/2022, 14:02:58",2778.0,220
"07/25/2022, 14:03:02",2778.0,220
"07/25/2022, 14:03:06",2778.0,220
"07/25/2022, 14:03:10",2778.0,220
"07/25/2022, 14:03:14",2778.0,220
"07/25/2022, 14:03:18",2778.0,220
"07/25/2022, 14:03:22",2778.0,220
"07/25/2022, 14:03:26",2778.0,220
"07/25/2022, 14:03:30",2778.0,220
"07/25/2022, 14:03:34",2778.0,220
"07/25/2022, 14:03:38",2778.0,220
"07/25/2022, 14:03:42",2778.0,220
"07/25/2022, 14:03:46",2778.0,220
"07/25/2022, 14:03:50",2778.0,220
"07/25/2022, 14:03:54",2778.0,220
"07/25/2022, 14:03:58",2777.875,220
"07/25/2022, 14:04:02",2777.75,220
"07/25/2022, 14:04:06",2777.0,220
"07/25/2022, 14:04:10",2777.0,220
"07/25/2022, 14:04:14",2777.0,220
"07/25/2022, 14:04:18",2777.0,220
"07/25/2022, 14:04:22",2777.0,220
"07/25/2022, 14:04:26",2777.0,220
"07/25/2022, 14:04:30",2777.0,220
"07/25/2022, 14:04:34",2777.0,220
"07/25/2022, 14:04:38",2777.0,220
"07/25/2022, 14:04:42",2776.75,220
"07/25/2022, 14:04:46",2776.0,220
"07/25/2022, 14:04:50",2776.0,220
"07/25/2022, 14:04:54",2776.0,220
"07/25/2022, 14:04:58",2776.0,220
"07/25/2022, 14:05:02",2776.0,220
"07/25/2022, 14:05:06",2775.0,220
"07/25/2022, 14:05:10",2775.0,220
"07/25/2022, 14:05:14",2775.0,220
"07/25/2022, 14:05:18",2775.0,220
"07/25/2022, 14:05:22",2775.0,220
"07/25/2022, 14:05:26",2775.0,220
"07/25/2022, 14:05:30",2775.0,220
"07/25/2022, 14:05:34",2775.0,220
"07/25/2022, 14:05:38",2775.0,220
"07/25/2022, 14:05:42",2775.0,220
"07/25/2022, 14:05:46",2774.75,220
"07/25/2022, 14:05:50",2774.5,220
"07/25/2022, 14:05:54",2774.0,220
"07/25/2022, 14:05:58",2774.0,220
"07/25/2022, 14:06:02",2774.0,220
"07/25/2022, 14:06:06",2774.0,220
"07/25/2022, 14:06:10",2774.0,220
"07/25/2022, 14:06:14",2774.0,220
"07/25/2022, 14:06:18",2774.0,220
"07/25/2022, 14:06:22",2773.125,220
"07/25/2022, 14:06:26",2773.0,220
"07/25/2022, 14:06:30",2773.125,220
"07/25/2022, 14:06:34",2773.0,220
"07/25/2022, 14:06:38",2773.0,220
"07/25/2022, 14:06:42",2773.0,220
"07/25/2022, 14:06:46",2773.0,220
"07/25/2022, 14:06:50",2773.0,220
"07/25/2022, 14:06:54",2773.0,220
"07/25/2022, 14:06:58",2773.0,220
"07/25/2022, 14:07:02",2772.875,220
"07/25/2022, 14:07:06",2772.0,220
"07/25/2022, 14:07:10",2772.0,220
"07/25/2022, 14:07:14",2772.0,220
"07/25/2022, 14:07:18",2772.0,220
"07/25/2022, 14:07:22",2772.0,220
"07/25/2022, 14:07:26",2772.0,220
"07/25/2022, 14:07:30",2772.0,220
"07/25/2022, 14:07:34",2771.875,220
"07/25/2022, 14:07:38",2771.25,220
"07/25/2022, 14:07:42",2771.0,220
"07/25/2022, 14:07:46",2771.0,220
"07/25/2022, 14:07:50",2771.0,220
"07/25/2022, 14:07:54",2771.0,220
"07/25/2022, 14:07:58",2771.0,220
"07/25/2022, 14:08:02",2771.0,220
"07/25/2022, 14:08:06",2771.0,220
"07/25/2022, 14:08:10",2771.0,220
"07/25/2022, 14:08:14",2770.125,220
"07/25/2022, 14:08:18",2770.0,220
"07/25/2022, 14:08:22",2770.0,220
"07/25/2022, 14:08:26",2770.0,220
"07/25/2022, 14:08:30",2770.0,220
"07/25/2022, 14:08:34",2770.0,220
"07/25/2022, 14:08:38",2770.0,220
"07/25/2022, 14:08:42",2770.0,220
"07/25/2022, 14:08:46",2770.0,220
"07/25/2022, 14:08:50",2770.0,220
"07/25/2022, 14:08:54",2770.0,220
"07/25/2022, 14:08:58",2770.0,220
"07/25/2022, 14:09:02",2769.125,220
"07/25/2022, 14:09:06",2769.0,220
"07/25/2022, 14:09:10",2769.0,220
"07/25/2022, 14:09:14",2769.0,220
"07/25/2022, 14:09:18",2769.0,220
"07/25/2022, 14:09:22",2769.0,220
"07/25/2022, 14:09:26",2769.0,220
"07/25/2022, 14:09:30",2769.0,220
"07/25/2022, 14:09:34",2769.0,220
"07/25/2022, 14:09:38",2769.0,220
"07/25/2022, 14:09:42",2769.0,220
"07/25/2022, 14:09:46",2768.25,220
"07/25/2022, 14:09:50",2768.0,220
"07/25/2022, 14:09:54",2768.0,220
"07/25/2022, 14:09:58",2768.0,220
"07/25/2022, 14:10:02",2768.0,220
"07/25/2022, 14:10:06",2768.0,220
"07/25/2022, 14:10:10",2768.0,220
"07/25/2022, 14:10:14",2768.0,220
"07/25/2022, 14:10:18",2768.0,220
"07/25/2022, 14:10:22",2768.0,220
"07/25/2022, 14:10:26",2768.0,220
"07/25/2022, 14:10:30",2767.5,220
"07/25/2022, 14:10:34",2767.0,220
"07/25/2022, 14:10:38",2767.0,220
"07/25/2022, 14:10:42",2767.0,220
"07/25/2022, 14:10:46",2767.0,220
"07/25/2022, 14:10:50",2767.0,220
"07/25/2022, 14:10:54",2767.0,220
"07/25/2022, 14:10:58",2767.0,220
"07/25/2022, 14:11:02",2767.0,220
"07/25/2022, 14:11:06",2767.0,220
"07/25/2022, 14:11:10",2767.0,220
"07/25/2022, 14:11:14",2767.0,220
"07/25/2022, 14:11:18",2767.0,220
"07/25/2022, 14:11:22",2767.0,220
"07/25/2022, 14:11:26",2767.0,220
"07/25/2022, 14:11:30",2767.0,220
"07/25/2022, 14:11:34",2767.0,220
"07/25/2022, 14:11:38",2767.0,220
"07/25/2022, 14:11:42",2767.0,220
"07/25/2022, 14:11:46",2767.0,220
"07/25/2022, 14:11:50",2767.0,220
"07/25/2022, 14:11:54",2767.0,220
"07/25/2022, 14:11:58",2767.0,220
"07/25/2022, 14:12:02",2767.0,220
"07/25/2022, 14:12:06",2767.0,220
"07/25/2022, 14:12:10",2766.0,220
"07/25/2022, 14:12:14",2766.0,220
"07/25/2022, 14:12:18",2766.0,220
"07/25/2022, 14:12:22",2766.0,220
"07/25/2022, 14:12:26",2766.0,220
"07/25/2022, 14:12:30",2766.0,220
"07/25/2022, 14:12:34",2766.0,220
"07/25/2022, 14:12:38",2766.0,220
"07/25/2022, 14:12:42",2766.0,220
"07/25/2022, 14:12:46",2766.0,220
"07/25/2022, 14:12:50",2766.0,220
"07/25/2022, 14:12:54",2766.0,220
"07/25/2022, 14:12:58",2766.0,220
"07/25/2022, 14:13:02",2765.375,220
"07/25/2022, 14:13:06",2765.0,220
"07/25/2022, 14:13:10",2765.0,220
"07/25/2022, 14:13:14",2765.0,220
"07/25/2022, 14:13:18",2765.0,220
"07/25/2022, 14:13:22",2765.0,220
"07/25/2022, 14:13:26",2765.0,220
"07/25/2022, 14:13:30",2765.0,220
"07/25/2022, 14:13:34",2765.0,220
"07/25/2022, 14:13:38",2765.0,220
"07/25/2022, 14:13:42",2764.125,220
"07/25/2022, 14:13:46",2764.5,220
"07/25/2022, 14:13:50",2764.0,220
"07/25/2022, 14:13:54",2764.0,220
"07/25/2022, 14:13:58",2764.0,220
"07/25/2022, 14:14:02",2764.0,220
"07/25/2022, 14:14:06",2764.0,220
"07/25/2022, 14:14:10",2764.0,220
"07/25/2022, 14:14:14",2764.0,220
"07/25/2022, 14:14:18",2764.0,220
"07/25/2022, 14:14:22",2764.0,220
"07/25/2022, 14:14:26",2764.0,220
"07/25/2022, 14:14:30",2762.0,220
"07/25/2022, 14:14:34",2762.0,220
"07/25/2022, 14:14:38",2762.0,220
"07/25/2022, 14:14:42",2761.375,220
"07/25/2022, 14:14:46",2761.125,220
"07/25/2022, 14:14:50",2761.0,220
"07/25/2022, 14:14:54",2761.0,220
"07/25/2022, 14:14:58",2761.0,220
"07/25/2022, 14:15:02",2761.0,220
"07/25/2022, 14:15:06",2761.0,220
"07/25/2022, 14:15:10",2761.0,220
"07/25/2022, 14:15:14",2761.0,220
"07/25/2022, 14:15:18",2761.0,220
"07/25/2022, 14:15:22",2761.0,220
"07/25/2022, 14:15:26",2761.0,220
"07/25/2022, 14:15:30",2761.0,220
"07/25/2022, 14:15:34",2761.0,220
"07/25/2022, 14:15:38",2761.0,220
"07/25/2022, 14:15:42",2761.0,220
"07/25/2022, 14:15:46",2761.0,220
"07/25/2022, 14:15:50",2760.75,220
"07/25/2022, 14:15:54",2760.0,220
"07/25/2022, 14:15:58",2760.0,220
"07/25/2022, 14:16:02",2760.0,220
"07/25/2022, 14:16:06",2760.0,220
"07/25/2022, 14:16:10",2760.0,220
"07/25/2022, 14:16:14",2760.0,220
"07/25/2022, 14:16:18",2760.0,220
"07/25/2022, 14:16:22",2760.0,220
"07/25/2022, 14:16:26",2760.0,220
"07/25/2022, 14:16:30",2760.0,220
"07/25/2022, 14:16:34",2760.0,220
"07/25/2022, 14:16:38",2759.25,220
"07/25/2022, 14:16:42",2759.125,220
"07/25/2022, 14:16:46",2759.0,220
"07/25/2022, 14:16:50",2759.0,220
"07/25/2022, 14:16:54",2759.0,220
"07/25/2022, 14:16:58",2759.0,220
"07/25/2022, 14:17:02",2759.0,220
"07/25/2022, 14:17:06",2759.0,220
"07/25/2022, 14:17:10",2759.0,220
"07/25/2022, 14:17:14",2759.0,220
"07/25/2022, 14:17:18",2759.0,220
"07/25/2022, 14:17:22",2759.0,220
"07/25/2022, 14:17:26",2758.875,220
"07/25/2022, 14:17:30",2758.625,220
"07/25/2022, 14:17:34",2758.5,220
"07/25/2022, 14:17:38",2758.0,220
"07/25/2022, 14:17:42",2758.125,220
"07/25/2022, 14:17:46",2758.0,220
"07/25/2022, 14:17:50",2758.0,220
"07/25/2022, 14:17:54",2758.0,220
"07/25/2022, 14:17:58",2758.0,220
"07/25/2022, 14:18:02",2758.0,220
"07/25/2022, 14:18:06",2758.0,220
"07/25/2022, 14:18:10",2758.0,220
"07/25/2022, 14:18:14",2757.75,220
"07/25/2022, 14:18:18",2758.0,220
"07/25/2022, 14:18:22",2757.0,220
"07/25/2022, 14:18:26",2757.0,220
"07/25/2022, 14:18:30",2757.0,220
"07/25/2022, 14:18:34",2757.0,220
"07/25/2022, 14:18:38",2757.0,220
"07/25/2022, 14:18:42",2757.0,220
"07/25/2022, 14:18:46",2756.25,220
"07/25/2022, 14:18:50",2756.25,220
"07/25/2022, 14:18:54",2756.0,220
"07/25/2022, 14:18:58",2756.0,220
"07/25/2022, 14:19:02",2756.0,220
"07/25/2022, 14:19:06",2756.0,220
"07/25/2022, 14:19:10",2756.0,220
"07/25/2022, 14:19:14",2756.0,220
"07/25/2022, 14:19:18",2756.0,220
"07/25/2022, 14:19:22",2756.0,220
"07/25/2022, 14:19:26",2756.0,220
"07/25/2022, 14:19:30",2756.0,220
"07/25/2022, 14:19:34",2756.0,220
"07/25/2022, 14:19:38",2756.0,220
"07/25/2022, 14:19:42",2755.75,220
"07/25/2022, 14:19:46",2755.625,220
"07/25/2022, 14:19:50",2755.0,220
"07/25/2022, 14:19:54",2755.0,220
"07/25/2022, 14:19:58",2755.0,220
"07/25/2022, 14:20:02",2755.0,220
"07/25/2022, 14:20:06",2755.0,220
"07/25/2022, 14:20:10",2755.0,220
"07/25/2022, 14:20:14",2755.0,220
"07/25/2022, 14:20:18",2755.0,220
"07/25/2022, 14:20:22",2755.0,220
"07/25/2022, 14:20:26",2755.0,220
"07/25/2022, 14:20:30",2755.0,220
"07/25/2022, 14:20:34",2755.0,220
"07/25/2022, 14:20:38",2755.0,220
"07/25/2022, 14:20:42",2754.625,220
"07/25/2022, 14:20:46",2754.0,220
"07/25/2022, 14:20:50",2754.0,220
"07/25/2022, 14:20:54",2754.0,220
"07/25/2022, 14:20:58",2754.0,220
"07/25/2022, 14:21:02",2754.0,220
"07/25/2022, 14:21:06",2754.0,220
"07/25/2022, 14:21:10",2754.0,220
"07/25/2022, 14:21:14",2754.0,220
"07/25/2022, 14:21:18",2754.0,220
"07/25/2022, 14:21:22",2754.0,220
"07/25/2022, 14:21:26",2754.0,220
"07/25/2022, 14:21:30",2754.0,220
"07/25/2022, 14:21:34",2753.75,220
"07/25/2022, 14:21:38",2753.375,220
"07/25/2022, 14:21:42",2753.0,220
"07/25/2022, 14:21:46",2753.0,220
"07/25/2022, 14:21:50",2753.0,220
"07/25/2022, 14:21:54",2753.0,220
"07/25/2022, 14:21:58",2753.0,220
"07/25/2022, 14:22:02",2753.0,220
"07/25/2022, 14:22:06",2753.0,220
"07/25/2022, 14:22:10",2752.875,220
"07/25/2022, 14:22:14",2752.875,220
"07/25/2022, 14:22:18",2752.5,220
"07/25/2022, 14:22:22",2752.125,220
"07/25/2022, 14:22:26",2752.0,220
"07/25/2022, 14:22:30",2752.0,220
"07/25/2022, 14:22:34",2752.0,220
"07/25/2022, 14:22:38",2755.0,220
"07/25/2022, 14:22:42",2754.375,220
"07/25/2022, 14:22:46",2754.0,220
"07/25/2022, 14:22:50",2752.0,220
"07/25/2022, 14:22:54",2752.0,220
"07/25/2022, 14:22:58",2752.0,220
"07/25/2022, 14:23:02",2752.0,220
"07/25/2022, 14:23:06",2752.0,220
"07/25/2022, 14:23:10",2752.0,220
"07/25/2022, 14:23:14",2752.0,220
"07/25/2022, 14:23:18",2752.0,220
"07/25/2022, 14:23:22",2752.0,220
"07/25/2022, 14:23:26",2751.75,220
"07/25/2022, 14:23:30",2751.0,220
"07/25/2022, 14:23:34",2751.375,220
"07/25/2022, 14:23:38",2751.0,220
"07/25/2022, 14:23:42",2751.0,220
"07/25/2022, 14:23:46",2751.0,220
"07/25/2022, 14:23:50",2751.0,220
"07/25/2022, 14:23:54",2751.0,220
"07/25/2022, 14:23:58",2751.0,220
"07/25/2022, 14:24:02",2751.0,220
"07/25/2022, 14:24:06",2751.0,220
"07/25/2022, 14:24:10",2751.0,220
"07/25/2022, 14:24:14",2751.0,220
"07/25/2022, 14:24:18",2751.0,220
"07/25/2022, 14:24:22",2751.0,220
"07/25/2022, 14:24:26",2751.0,220
"07/25/2022, 14:24:30",2751.0,220
"07/25/2022, 14:24:34",2751.0,220
"07/25/2022, 14:24:38",2750.875,220
"07/25/2022, 14:24:42",2750.0,220
"07/25/2022, 14:24:46",2753.0,220
"07/25/2022, 14:24:50",2752.375,220
"07/25/2022, 14:24:54",2752.0,220
"07/25/2022, 14:24:58",2750.0,220
"07/25/2022, 14:25:02",2750.0,220
"07/25/2022, 14:25:06",2750.0,220
"07/25/2022, 14:25:10",2750.0,220
"07/25/2022, 14:25:14",2750.0,220
"07/25/2022, 14:25:18",2750.0,220
"07/25/2022, 14:25:22",2750.0,220
"07/25/2022, 14:25:26",2750.0,220
"07/25/2022, 14:25:30",2750.0,220
"07/25/2022, 14:25:34",2749.375,220
"07/25/2022, 14:25:38",2749.125,220
"07/25/2022, 14:25:42",2749.0,220
"07/25/2022, 14:25:46",2749.0,220
"07/25/2022, 14:25:50",2749.0,220
"07/25/2022, 14:25:54",2749.0,220
"07/25/2022, 14:25:58",2749.0,220
"07/25/2022, 14:26:02",2749.0,220
"07/25/2022, 14:26:06",2749.0,220
"07/25/2022, 14:26:10",2749.0,220
"07/25/2022, 14:26:14",2749.0,220
"07/25/2022, 14:26:18",2749.0,220
"07/25/2022, 14:26:22",2749.0,220
"07/25/2022, 14:26:26",2749.0,220
"07/25/2022, 14:26:30",2748.5,220
"07/25/2022, 14:26:34",2748.0,220
"07/25/2022, 14:26:38",2748.0,220
"07/25/2022, 14:26:42",2748.0,220
"07/25/2022, 14:26:46",2748.0,220
"07/25/2022, 14:26:50",2748.0,220
"07/25/2022, 14:26:54",2748.0,220
"07/25/2022, 14:26:58",2748.0,220
"07/25/2022, 14:27:02",2748.0,220
"07/25/2022, 14:27:06",2748.0,220
"07/25/2022, 14:27:10",2747.625,220
"07/25/2022, 14:27:14",2747.875,220
"07/25/2022, 14:27:18",2747.75,220
"07/25/2022, 14:27:22",2747.375,220
"07/25/2022, 14:27:26",2747.0,220
"07/25/2022, 14:27:30",2747.0,220
"07/25/2022, 14:27:34",2747.0,220
"07/25/2022, 14:27:38",2747.0,220
"07/25/2022, 14:27:42",2747.0,220
"07/25/2022, 14:27:46",2747.0,220
"07/25/2022, 14:27:50",2747.0,220
"07/25/2022, 14:27:54",2747.0,220
"07/25/2022, 14:27:58",2747.0,220
"07/25/2022, 14:28:02",2747.0,220
"07/25/2022, 14:28:06",2747.0,220
"07/25/2022, 14:28:10",2747.0,220
"07/25/2022, 14:28:14",2747.0,220
"07/25/2022, 14:28:18",2747.0,220
"07/25/2022, 14:28:22",2747.0,220
"07/25/2022, 14:28:26",2747.0,220
"07/25/2022, 14:28:30",2747.0,220
"07/25/2022, 14:28:34",2747.0,220
"07/25/2022, 14:28:38",2747.0,220
"07/25/2022, 14:28:42",2747.0,220
"07/25/2022, 14:28:46",2747.0,220
"07/25/2022, 14:28:50",2747.0,220
"07/25/2022, 14:28:54",2747.0,220
"07/25/2022, 14:28:58",2751.125,220
"07/25/2022, 14:29:02",2751.0,220
"07/25/2022, 14:29:06",2751.0,220
"07/25/2022, 14:29:10",2751.0,220
"07/25/2022, 14:29:14",2751.0,220
"07/25/2022, 14:29:18",2750.875,220
"07/25/2022, 14:29:22",2751.0,220
"07/25/2022, 14:29:26",2751.0,220
"07/25/2022, 14:29:30",2750.875,220
"07/25/2022, 14:29:34",2750.125,220
"07/25/2022, 14:29:38",2749.875,220
"07/25/2022, 14:29:42",2749.0,220
"07/25/2022, 14:29:46",2749.0,220
"07/25/2022, 14:29:50",2749.125,220
"07/25/2022, 14:29:54",2749.0,220
"07/25/2022, 14:29:58",2749.875,220
"07/25/2022, 14:30:02",2750.0,220
"07/25/2022, 14:30:06",2750.0,220
"07/25/2022, 14:30:10",2750.0,220
"07/25/2022, 14:30:14",2750.0,220
"07/25/2022, 14:30:18",2750.0,220
"07/25/2022, 14:30:22",2749.0,220
"07/25/2022, 14:30:26",2749.0,220
"07/25/2022, 14:30:30",2748.25,220
"07/25/2022, 14:30:34",2748.25,220
"07/25/2022, 14:30:38",2748.125,220
"07/25/2022, 14:30:42",2748.0,220
"07/25/2022, 14:30:46",2748.125,220
"07/25/2022, 14:30:50",2748.0,220
"07/25/2022, 14:30:54",2748.0,220
"07/25/2022, 14:30:58",2748.0,220
"07/25/2022, 14:31:02",2748.0,220
"07/25/2022, 14:31:06",2748.0,220
"07/25/2022, 14:31:10",2748.0,220
"07/25/2022, 14:31:14",2748.0,220
"07/25/2022, 14:31:18",2747.875,220
"07/25/2022, 14:31:22",2747.5,220
"07/25/2022, 14:31:26",2747.375,220
"07/25/2022, 14:31:30",2747.0,220
"07/25/2022, 14:31:34",2747.0,220
"07/25/2022, 14:31:38",2747.0,220
"07/25/2022, 14:31:42",2747.0,220
"07/25/2022, 14:31:46",2747.0,220
"07/25/2022, 14:31:50",2747.0,220
"07/25/2022, 14:31:54",2746.875,220
"07/25/2022, 14:31:58",2746.875,220
"07/25/2022, 14:32:02",2746.125,220
"07/25/2022, 14:32:06",2744.5,220
"07/25/2022, 14:32:10",2744.0,220
"07/25/2022, 14:32:14",2744.0,220
"07/25/2022, 14:32:18",2753.5,220
"07/25/2022, 14:32:22",2755.0,220
"07/25/2022, 14:32:26",2755.75,220
"07/25/2022, 14:32:30",2756.0,220
"07/25/2022, 14:32:34",2756.0,220
"07/25/2022, 14:32:38",2756.0,220
"07/25/2022, 14:32:42",2756.0,220
"07/25/2022, 14:32:46",2756.0,220
"07/25/2022, 14:32:50",2756.0,220
"07/25/2022, 14:32:54",2756.25,220
"07/25/2022, 14:32:58",2756.875,220
"07/25/2022, 14:33:02",2757.0,220
"07/25/2022, 14:33:06",2757.0,220
"07/25/2022, 14:33:10",2757.0,220
"07/25/2022, 14:33:14",2757.0,220
"07/25/2022, 14:33:18",2757.0,220
"07/25/2022, 14:33:22",2757.0,220
"07/25/2022, 14:33:26",2762.125,220
"07/25/2022, 14:33:30",2763.0,220
"07/25/2022, 14:33:34",2763.0,220
"07/25/2022, 14:33:38",2763.0,220
"07/25/2022, 14:33:42",2762.0,220
"07/25/2022, 14:33:46",2762.0,220
"07/25/2022, 14:33:50",2762.125,220
"07/25/2022, 14:33:54",2762.0,220
"07/25/2022, 14:33:58",2762.0,220
"07/25/2022, 14:34:02",2762.0,220
"07/25/2022, 14:34:06",2762.0,220
"07/25/2022, 14:34:10",2762.0,220
"07/25/2022, 14:34:14",2762.0,220
"07/25/2022, 14:34:18",2762.0,220
"07/25/2022, 14:34:22",2762.0,220
"07/25/2022, 14:34:26",2762.0,220
"07/25/2022, 14:34:30",2762.0,220
"07/25/2022, 14:34:34",2762.0,220
"07/25/2022, 14:34:38",2762.0,220
"07/25/2022, 14:34:42",2762.0,220
"07/25/2022, 14:34:46",2762.0,220
"07/25/2022, 14:34:50",2762.0,220
"07/25/2022, 14:34:54",2762.0,220
"07/25/2022, 14:34:58",2760.0,220
"07/25/2022, 14:35:02",2760.0,220
"07/25/2022, 14:35:06",2760.0,220
"07/25/2022, 14:35:10",2760.0,220
"07/25/2022, 14:35:14",2760.0,220
"07/25/2022, 14:35:18",2760.0,220
"07/25/2022, 14:35:22",2760.0,220
"07/25/2022, 14:35:26",2760.0,220
"07/25/2022, 14:35:30",2760.0,220
"07/25/2022, 14:35:34",2760.0,220
"07/25/2022, 14:35:38",2760.0,220
"07/25/2022, 14:35:42",2761.0,220
"07/25/2022, 14:35:46",2761.0,220
"07/25/2022, 14:35:50",2761.0,220
"07/25/2022, 14:35:54",2761.25,220
"07/25/2022, 14:35:58",2762.0,220
"07/25/2022, 14:36:02",2762.0,220
"07/25/2022, 14:36:06",2762.0,220
"07/25/2022, 14:36:10",2762.0,220
"07/25/2022, 14:36:14",2762.0,220
"07/25/2022, 14:36:18",2761.875,220
"07/25/2022, 14:36:22",2762.0,220
"07/25/2022, 14:36:26",2762.0,220
"07/25/2022, 14:36:30",2761.875,220
"07/25/2022, 14:36:34",2761.125,220
"07/25/2022, 14:36:38",2761.125,220
"07/25/2022, 14:36:42",2761.125,220
"07/25/2022, 14:36:46",2761.0,220
"07/25/2022, 14:36:50",2761.0,220
"07/25/2022, 14:36:54",2761.0,220
"07/25/2022, 14:36:58",2761.0,220
"07/25/2022, 14:37:02",2761.0,220
"07/25/2022, 14:37:06",2761.0,220
"07/25/2022, 14:37:10",2761.0,220
"07/25/2022, 14:37:14",2761.0,220
"07/25/2022, 14:37:18",2761.0,220
"07/25/2022, 14:37:22",2761.0,220
"07/25/2022, 14:37:26",2761.0,220
"07/25/2022, 14:37:30",2761.0,220
"07/25/2022, 14:37:34",2761.0,220
"07/25/2022, 14:37:38",2760.0,220
"07/25/2022, 14:37:42",2760.125,220
"07/25/2022, 14:37:46",2760.0,220
"07/25/2022, 14:37:50",2758.125,220
"07/25/2022, 14:37:54",2759.0,220
"07/25/2022, 14:37:58",2759.0,220
"07/25/2022, 14:38:02",2759.75,220
"07/25/2022, 14:38:06",2759.75,220
"07/25/2022, 14:38:10",2758.0,220
"07/25/2022, 14:38:14",2758.0,220
"07/25/2022, 14:38:18",2759.0,220
"07/25/2022, 14:38:22",2759.0,220
"07/25/2022, 14:38:26",2759.0,220
"07/25/2022, 14:38:30",2758.0,220
"07/25/2022, 14:38:34",2755.0,220
"07/25/2022, 14:38:38",2754.875,220
"07/25/2022, 14:38:42",2763.75,220
"07/25/2022, 14:38:46",2763.5,220
"07/25/2022, 14:38:50",2764.0,220
"07/25/2022, 14:38:54",2764.0,220
"07/25/2022, 14:38:58",2764.0,220
"07/25/2022, 14:39:02",2764.0,220
"07/25/2022, 14:39:06",2764.0,220
"07/25/2022, 14:39:10",2764.0,220
"07/25/2022, 14:39:14",2764.0,220
"07/25/2022, 14:39:18",2764.0,220
"07/25/2022, 14:39:22",2764.0,220
"07/25/2022, 14:39:26",2764.0,220
"07/25/2022, 14:39:30",2764.0,220
"07/25/2022, 14:39:34",2764.0,220
"07/25/2022, 14:39:38",2763.625,220
"07/25/2022, 14:39:42",2763.875,220
"07/25/2022, 14:39:46",2763.625,220
"07/25/2022, 14:39:50",2763.25,220
"07/25/2022, 14:39:54",2763.0,220
"07/25/2022, 14:39:58",2763.0,220
"07/25/2022, 14:40:02",2763.0,220
"07/25/2022, 14:40:06",2763.0,220
"07/25/2022, 14:40:10",2763.0,220
"07/25/2022, 14:40:14",2763.0,220
"07/25/2022, 14:40:18",2763.0,220
"07/25/2022, 14:40:22",2763.0,220
"07/25/2022, 14:40:26",2763.0,220
"07/25/2022, 14:40:30",2762.875,220
"07/25/2022, 14:40:34",2762.875,220
"07/25/2022, 14:40:38",2762.625,220
"07/25/2022, 14:40:42",2762.375,220
"07/25/2022, 14:40:46",2762.0,220
"07/25/2022, 14:40:50",2762.0,220
"07/25/2022, 14:40:54",2762.0,220
"07/25/2022, 14:40:58",2762.0,220
"07/25/2022, 14:41:02",2762.0,220
"07/25/2022, 14:41:06",2762.0,220
"07/25/2022, 14:41:10",2762.0,220
"07/25/2022, 14:41:14",2762.0,220
"07/25/2022, 14:41:18",2762.0,220
"07/25/2022, 14:41:22",2762.0,220
"07/25/2022, 14:41:26",2762.0,220
"07/25/2022, 14:41:30",2762.0,220
"07/25/2022, 14:41:34",2762.0,220
"07/25/2022, 14:41:38",2762.0,220
"07/25/2022, 14:41:42",2762.0,220
"07/25/2022, 14:41:46",2761.125,220
"07/25/2022, 14:41:50",2761.25,220
"07/25/2022, 14:41:54",2761.0,220
"07/25/2022, 14:41:58",2761.0,220
"07/25/2022, 14:42:02",2761.0,220
"07/25/2022, 14:42:06",2761.0,220
"07/25/2022, 14:42:10",2761.0,220
"07/25/2022, 14:42:14",2761.0,220
"07/25/2022, 14:42:18",2761.0,220
"07/25/2022, 14:42:22",2761.0,220
"07/25/2022, 14:42:26",2761.0,220
"07/25/2022, 14:42:30",2761.0,220
"07/25/2022, 14:42:34",2761.0,220
"07/25/2022, 14:42:38",2761.0,220
"07/25/2022, 14:42:42",2761.0,220
"07/25/2022, 14:42:46",2760.75,220
"07/25/2022, 14:42:50",2760.625,220
"07/25/2022, 14:42:54",2760.125,220
"07/25/2022, 14:42:58",2760.0,220
"07/25/2022, 14:43:02",2760.0,220
"07/25/2022, 14:43:06",2760.0,220
"07/25/2022, 14:43:10",2760.0,220
"07/25/2022, 14:43:14",2760.0,220
"07/25/2022, 14:43:18",2760.0,220
"07/25/2022, 14:43:22",2760.0,220
"07/25/2022, 14:43:26",2760.0,220
"07/25/2022, 14:43:30",2760.0,220
"07/25/2022, 14:43:34",2760.0,220
"07/25/2022, 14:43:38",2760.0,220
"07/25/2022, 14:43:42",2760.0,220
"07/25/2022, 14:43:46",2760.0,220
"07/25/2022, 14:43:50",2760.0,220
"07/25/2022, 14:43:54",2760.0,220
"07/25/2022, 14:43:58",2759.875,220
"07/25/2022, 14:44:02",2759.375,220
"07/25/2022, 14:44:06",2759.0,220
"07/25/2022, 14:44:10",2759.0,220
"07/25/2022, 14:44:14",2759.0,220
"07/25/2022, 14:44:18",2759.0,220
"07/25/2022, 14:44:22",2759.0,220
"07/25/2022, 14:44:26",2759.0,220
"07/25/2022, 14:44:30",2759.0,220
"07/25/2022, 14:44:34",2758.625,220
"07/25/2022, 14:44:38",2758.25,220
"07/25/2022, 14:44:42",2758.125,220
"07/25/2022, 14:44:46",2758.125,220
"07/25/2022, 14:44:50",2758.0,220
"07/25/2022, 14:44:54",2758.0,220
"07/25/2022, 14:44:58",2758.0,220
"07/25/2022, 14:45:02",2758.0,220
"07/25/2022, 14:45:06",2758.0,220
"07/25/2022, 14:45:10",2758.0,220
"07/25/2022, 14:45:14",2758.0,220
"07/25/2022, 14:45:18",2758.0,220
"07/25/2022, 14:45:22",2758.0,220
"07/25/2022, 14:45:26",2757.875,220
"07/25/2022, 14:45:30",2757.5,220
"07/25/2022, 14:45:34",2757.25,220
"07/25/2022, 14:45:38",2757.0,220
"07/25/2022, 14:45:42",2757.0,220
"07/25/2022, 14:45:46",2757.0,220
"07/25/2022, 14:45:50",2757.0,220
"07/25/2022, 14:45:54",2757.0,220
"07/25/2022, 14:45:58",2757.0,220
"07/25/2022, 14:46:02",2754.625,220
"07/25/2022, 14:46:06",2761.0,220
"07/25/2022, 14:46:10",2765.875,220
"07/25/2022, 14:46:14",2774.125,220
"07/25/2022, 14:46:18",2775.0,220
"07/25/2022, 14:46:22",2775.0,220
"07/25/2022, 14:46:26",2775.0,220
"07/25/2022, 14:46:30",2775.0,220
"07/25/2022, 14:46:34",2775.0,220
"07/25/2022, 14:46:38",2775.0,220
"07/25/2022, 14:46:42",2775.0,220
"07/25/2022, 14:46:46",2775.0,220
"07/25/2022, 14:46:50",2775.0,220
"07/25/2022, 14:46:54",2775.0,220
"07/25/2022, 14:46:58",2775.0,220
"07/25/2022, 14:47:02",2775.0,220
"07/25/2022, 14:47:06",2774.75,220
"07/25/2022, 14:47:10",2774.75,220
"07/25/2022, 14:47:14",2774.0,220
"07/25/2022, 14:47:18",2774.0,220
"07/25/2022, 14:47:22",2774.0,220
"07/25/2022, 14:47:26",2774.0,220
"07/25/2022, 14:47:30",2774.0,220
"07/25/2022, 14:47:34",2774.0,220
"07/25/2022, 14:47:38",2774.0,220
"07/25/2022, 14:47:42",2774.0,220
"07/25/2022, 14:47:46",2774.0,220
"07/25/2022, 14:47:50",2774.0,220
"07/25/2022, 14:47:54",2774.0,220
"07/25/2022, 14:47:58",2774.0,220
"07/25/2022, 14:48:02",2774.0,220
"07/25/2022, 14:48:06",2773.875,220
"07/25/2022, 14:48:10",2773.625,220
"07/25/2022, 14:48:14",2773.125,220
"07/25/2022, 14:48:18",2773.0,220
"07/25/2022, 14:48:22",2773.0,220
"07/25/2022, 14:48:26",2773.0,220
"07/25/2022, 14:48:30",2773.0,220
"07/25/2022, 14:48:34",2773.0,220
"07/25/2022, 14:48:38",2773.0,220
"07/25/2022, 14:48:42",2773.0,220
"07/25/2022, 14:48:46",2772.375,220
"07/25/2022, 14:48:50",2772.0,220
"07/25/2022, 14:48:54",2772.0,220
"07/25/2022, 14:48:58",2772.0,220
"07/25/2022, 14:49:02",2772.0,220
"07/25/2022, 14:49:06",2772.0,220
"07/25/2022, 14:49:10",2772.0,220
"07/25/2022, 14:49:14",2772.0,220
"07/25/2022, 14:49:18",2772.0,220
"07/25/2022, 14:49:22",2772.0,220
"07/25/2022, 14:49:26",2771.0,220
"07/25/2022, 14:49:30",2771.0,220
"07/25/2022, 14:49:34",2771.0,220
"07/25/2022, 14:49:38",2771.0,220
"07/25/2022, 14:49:42",2771.0,220
"07/25/2022, 14:49:46",2771.0,220
"07/25/2022, 14:49:50",2771.0,220
"07/25/2022, 14:49:54",2771.0,220
"07/25/2022, 14:49:58",2771.0,220
"07/25/2022, 14:50:02",2771.0,220
"07/25/2022, 14:50:06",2771.0,220
"07/25/2022, 14:50:10",2771.0,220
"07/25/2022, 14:50:14",2771.0,220
"07/25/2022, 14:50:18",2771.0,220
"07/25/2022, 14:50:22",2770.875,220
"07/25/2022, 14:50:26",2770.125,220
"07/25/2022, 14:50:30",2770.125,220
"07/25/2022, 14:50:34",2770.125,220
"07/25/2022, 14:50:38",2770.0,220
"07/25/2022, 14:50:42",2770.0,220
"07/25/2022, 14:50:46",2770.0,220
"07/25/2022, 14:50:50",2770.0,220
"07/25/2022, 14:50:54",2770.0,220
"07/25/2022, 14:50:58",2770.0,220
"07/25/2022, 14:51:02",2770.0,220
"07/25/2022, 14:51:06",2770.0,220
"07/25/2022, 14:51:10",2770.0,220
"07/25/2022, 14:51:14",2770.0,220
"07/25/2022, 14:51:18",2770.0,220
"07/25/2022, 14:51:22",2770.0,220
"07/25/2022, 14:51:26",2770.0,220
"07/25/2022, 14:51:30",2770.0,220
"07/25/2022, 14:51:34",2769.0,220
"07/25/2022, 14:51:38",2769.0,220
"07/25/2022, 14:51:42",2769.0,220
"07/25/2022, 14:51:46",2769.0,220
"07/25/2022, 14:51:50",2769.0,220
"07/25/2022, 14:51:54",2769.0,220
"07/25/2022, 14:51:58",2769.0,220
"07/25/2022, 14:52:02",2769.0,220
"07/25/2022, 14:52:06",2769.0,220
"07/25/2022, 14:52:10",2769.0,220
"07/25/2022, 14:52:14",2769.0,220
"07/25/2022, 14:52:18",2769.0,220
"07/25/2022, 14:52:22",2769.0,220
"07/25/2022, 14:52:26",2768.75,220
"07/25/2022, 14:52:30",2769.0,220
"07/25/2022, 14:52:34",2768.0,220
"07/25/2022, 14:52:38",2768.0,220
"07/25/2022, 14:52:42",2768.0,220
"07/25/2022, 14:52:46",2768.0,220
"07/25/2022, 14:52:50",2768.0,220
"07/25/2022, 14:52:54",2768.0,220
"07/25/2022, 14:52:58",2768.0,220
"07/25/2022, 14:53:02",2768.0,220
"07/25/2022, 14:53:06",2767.25,220
"07/25/2022, 14:53:10",2767.0,220
"07/25/2022, 14:53:14",2767.0,220
"07/25/2022, 14:53:18",2767.0,220
"07/25/2022, 14:53:22",2767.0,220
"07/25/2022, 14:53:26",2767.0,220
"07/25/2022, 14:53:30",2767.0,220
"07/25/2022, 14:53:34",2767.0,220
"07/25/2022, 14:53:38",2767.0,220
"07/25/2022, 14:53:42",2767.0,220
"07/25/2022, 14:53:46",2767.0,220
"07/25/2022, 14:53:50",2766.875,220
"07/25/2022, 14:53:54",2767.0,220
"07/25/2022, 14:53:58",2766.875,220
"07/25/2022, 14:54:02",2766.125,220
"07/25/2022, 14:54:06",2766.0,220
"07/25/2022, 14:54:10",2766.0,220
"07/25/2022, 14:54:14",2766.0,220
"07/25/2022, 14:54:18",2766.0,220
"07/25/2022, 14:54:22",2766.0,220
"07/25/2022, 14:54:26",2766.0,220
"07/25/2022, 14:54:30",2766.0,220
"07/25/2022, 14:54:34",2766.0,220
"07/25/2022, 14:54:38",2766.0,220
"07/25/2022, 14:54:42",2766.0,220
"07/25/2022, 14:54:46",2766.0,220
"07/25/2022, 14:54:50",2766.0,220
"07/25/2022, 14:54:54",2766.0,220
"07/25/2022, 14:54:58",2766.0,220
"07/25/2022, 14:55:02",2766.0,220
"07/25/2022, 14:55:06",2765.75,220
"07/25/2022, 14:55:10",2765.625,220
"07/25/2022, 14:55:14",2765.0,220
"07/25/2022, 14:55:18",2765.0,220
"07/25/2022, 14:55:22",2765.0,220
"07/25/2022, 14:55:26",2765.0,220
"07/25/2022, 14:55:30",2765.0,220
"07/25/2022, 14:55:34",2765.0,220
"07/25/2022, 14:55:38",2765.0,220
"07/25/2022, 14:55:42",2765.0,220
"07/25/2022, 14:55:46",2765.0,220
"07/25/2022, 14:55:50",2765.0,220
"07/25/2022, 14:55:54",2765.0,220
"07/25/2022, 14:55:58",2765.0,220
"07/25/2022, 14:56:02",2765.0,220
"07/25/2022, 14:56:06",2764.875,220
"07/25/2022, 14:56:10",2764.75,220
"07/25/2022, 14:56:14",2764.125,220
"07/25/2022, 14:56:18",2764.0,220
"07/25/2022, 14:56:22",2764.0,220
"07/25/2022, 14:56:26",2764.0,220
"07/25/2022, 14:56:30",2764.0,220
"07/25/2022, 14:56:34",2764.0,220
"07/25/2022, 14:56:38",2764.0,220
"07/25/2022, 14:56:42",2764.0,220
"07/25/2022, 14:56:46",2764.0,220
"07/25/2022, 14:56:50",2764.0,220
"07/25/2022, 14:56:54",2764.0,220
"07/25/2022, 14:56:58",2764.0,220
"07/25/2022, 14:57:02",2763.5,220
"07/25/2022, 14:57:06",2763.0,220
"07/25/2022, 14:57:10",2763.0,220
"07/25/2022, 14:57:14",2763.0,220
"07/25/2022, 14:57:18",2763.0,220
"07/25/2022, 14:57:22",2763.0,220
"07/25/2022, 14:57:26",2763.0,220
"07/25/2022, 14:57:30",2763.0,220
"07/25/2022, 14:57:34",2763.0,220
"07/25/2022, 14:57:38",2763.0,220
"07/25/2022, 14:57:42",2762.125,220
"07/25/2022, 14:57:46",2762.0,220
"07/25/2022, 14:57:50",2762.0,220
"07/25/2022, 14:57:54",2762.0,220
"07/25/2022, 14:57:58",2762.0,220
"07/25/2022, 14:58:02",2762.0,220
"07/25/2022, 14:58:06",2762.0,220
"07/25/2022, 14:58:10",2762.0,220
"07/25/2022, 14:58:14",2762.0,220
"07/25/2022, 14:58:18",2762.0,220
"07/25/2022, 14:58:22",2762.0,220
"07/25/2022, 14:58:26",2762.0,220
"07/25/2022, 14:58:30",2762.0,220
"07/25/2022, 14:58:34",2762.0,220
"07/25/2022, 14:58:38",2762.0,220
"07/25/2022, 14:58:42",2762.0,220
"07/25/2022, 14:58:46",2761.625,220
"07/25/2022, 14:58:50",2761.5,220
"07/25/2022, 14:58:54",2761.0,220
"07/25/2022, 14:58:58",2761.0,220
"07/25/2022, 14:59:02",2761.0,220
"07/25/2022, 14:59:06",2761.0,220
"07/25/2022, 14:59:10",2761.0,220
"07/25/2022, 14:59:14",2761.0,220
"07/25/2022, 14:59:18",2761.0,220
"07/25/2022, 14:59:22",2761.0,220
"07/25/2022, 14:59:26",2761.0,220
"07/25/2022, 14:59:30",2761.0,220
"07/25/2022, 14:59:34",2761.0,220
"07/25/2022, 14:59:38",2761.0,220
"07/25/2022, 14:59:42",2760.875,220
"07/25/2022, 14:59:46",2760.125,220
"07/25/2022, 14:59:50",2760.125,220
"07/25/2022, 14:59:54",2760.0,220
"07/25/2022, 14:59:58",2760.0,220
"07/25/2022, 15:00:02",2760.0,220
"07/25/2022, 15:00:06",2760.0,220
"07/25/2022, 15:00:10",2760.0,220
"07/25/2022, 15:00:14",2760.0,220
"07/25/2022, 15:00:18",2762.0,220
"07/25/2022, 15:00:22",2762.0,220
"07/25/2022, 15:00:26",2762.0,220
"07/25/2022, 15:00:30",2762.0,220
"07/25/2022, 15:00:34",2762.0,220
"07/25/2022, 15:00:38",2762.0,220
"07/25/2022, 15:00:42",2762.0,220
"07/25/2022, 15:00:46",2762.0,220
"07/25/2022, 15:00:50",2762.0,220
"07/25/2022, 15:00:54",2762.0,220
"07/25/2022, 15:00:58",2762.0,220
"07/25/2022, 15:01:02",2762.0,220
"07/25/2022, 15:01:06",2762.0,220
"07/25/2022, 15:01:10",2762.0,220
"07/25/2022, 15:01:14",2761.875,220
"07/25/2022, 15:01:18",2761.25,220
"07/25/2022, 15:01:22",2761.375,220
"07/25/2022, 15:01:26",2761.0,220
"07/25/2022, 15:01:30",2761.0,220
"07/25/2022, 15:01:34",2761.0,220
"07/25/2022, 15:01:38",2761.0,220
"07/25/2022, 15:01:42",2761.0,220
"07/25/2022, 15:01:46",2761.0,220
"07/25/2022, 15:01:50",2761.0,220
"07/25/2022, 15:01:54",2761.0,220
"07/25/2022, 15:01:58",2761.0,220
"07/25/2022, 15:02:02",2761.0,220
"07/25/2022, 15:02:06",2760.875,220
"07/25/2022, 15:02:10",2761.0,220
"07/25/2022, 15:02:14",2760.375,220
"07/25/2022, 15:02:18",2760.0,220
"07/25/2022, 15:02:22",2760.0,220
"07/25/2022, 15:02:26",2760.0,220
"07/25/2022, 15:02:30",2760.0,220
"07/25/2022, 15:02:34",2760.0,220
"07/25/2022, 15:02:38",2760.0,220
"07/25/2022, 15:02:42",2760.125,220
"07/25/2022, 15:02:46",2760.0,220
"07/25/2022, 15:02:50",2760.0,220
"07/25/2022, 15:02:54",2760.0,220
"07/25/2022, 15:02:58",2760.0,220
"07/25/2022, 15:03:02",2760.0,220
"07/25/2022, 15:03:06",2760.0,220
"07/25/2022, 15:03:10",2760.0,220
"07/25/2022, 15:03:14",2760.0,220
"07/25/2022, 15:03:18",2760.0,220
"07/25/2022, 15:03:22",2760.0,220
"07/25/2022, 15:03:26",2760.0,220
"07/25/2022, 15:03:30",2760.0,220
"07/25/2022, 15:03:34",2760.0,220
"07/25/2022, 15:03:38",2760.0,220
"07/25/2022, 15:03:42",2760.0,220
"07/25/2022, 15:03:46",2759.75,220
"07/25/2022, 15:03:50",2759.5,220
"07/25/2022, 15:03:54",2759.0,220
"07/25/2022, 15:03:58",2759.0,220
"07/25/2022, 15:04:02",2759.0,220
"07/25/2022, 15:04:06",2759.0,220
"07/25/2022, 15:04:10",2759.0,220
"07/25/2022, 15:04:14",2759.0,220
"07/25/2022, 15:04:18",2759.0,220
"07/25/2022, 15:04:22",2759.0,220
"07/25/2022, 15:04:26",2759.0,220
"07/25/2022, 15:04:30",2759.0,220
"07/25/2022, 15:04:34",2759.0,220
"07/25/2022, 15:04:38",2759.0,220
"07/25/2022, 15:04:42",2759.0,220
"07/25/2022, 15:04:46",2758.75,220
"07/25/2022, 15:04:50",2758.875,220
"07/25/2022, 15:04:54",2758.25,220
"07/25/2022, 15:04:58",2758.0,220
"07/25/2022, 15:05:02",2758.0,220
"07/25/2022, 15:05:06",2758.0,220
"07/25/2022, 15:05:10",2758.0,220
"07/25/2022, 15:05:14",2758.0,220
"07/25/2022, 15:05:18",2758.0,220
"07/25/2022, 15:05:22",2758.0,220
"07/25/2022, 15:05:26",2758.0,220
"07/25/2022, 15:05:30",2758.0,220
"07/25/2022, 15:05:34",2758.0,220
"07/25/2022, 15:05:38",2758.0,220
"07/25/2022, 15:05:42",2758.0,220
"07/25/2022, 15:05:46",2758.0,220
"07/25/2022, 15:05:50",2758.0,220
"07/25/2022, 15:05:54",2758.0,220
"07/25/2022, 15:05:58",2757.75,220
"07/25/2022, 15:06:02",2758.0,220
"07/25/2022, 15:06:06",2757.875,220
"07/25/2022, 15:06:10",2757.0,220
"07/25/2022, 15:06:14",2757.0,220
"07/25/2022, 15:06:18",2757.375,220
"07/25/2022, 15:06:22",2757.375,220
"07/25/2022, 15:06:26",2757.0,220
"07/25/2022, 15:06:30",2757.0,220
"07/25/2022, 15:06:34",2757.0,220
"07/25/2022, 15:06:38",2757.0,220
"07/25/2022, 15:06:42",2757.0,220
"07/25/2022, 15:06:46",2757.0,220
"07/25/2022, 15:06:50",2757.0,220
"07/25/2022, 15:06:54",2757.0,220
"07/25/2022, 15:06:58",2757.0,220
"07/25/2022, 15:07:02",2757.0,220
"07/25/2022, 15:07:06",2756.25,220
"07/25/2022, 15:07:10",2756.125,220
"07/25/2022, 15:07:14",2756.0,220
"07/25/2022, 15:07:18",2756.0,220
"07/25/2022, 15:07:22",2756.0,220
"07/25/2022, 15:07:26",2756.0,220
"07/25/2022, 15:07:30",2756.0,220
"07/25/2022, 15:07:34",2756.0,220
"07/25/2022, 15:07:38",2756.0,220
"07/25/2022, 15:07:42",2756.0,220
"07/25/2022, 15:07:46",2756.0,220
"07/25/2022, 15:07:50",2755.875,220
"07/25/2022, 15:07:54",2755.0,220
"07/25/2022, 15:07:58",2755.0,220
"07/25/2022, 15:08:02",2755.0,220
"07/25/2022, 15:08:06",2755.0,220
"07/25/2022, 15:08:10",2755.0,220
"07/25/2022, 15:08:14",2755.0,220
"07/25/2022, 15:08:18",2755.0,220
"07/25/2022, 15:08:22",2755.0,220
"07/25/2022, 15:08:26",2755.0,220
"07/25/2022, 15:08:30",2755.0,220
"07/25/2022, 15:08:34",2755.0,220
"07/25/2022, 15:08:38",2755.0,220
"07/25/2022, 15:08:42",2755.0,220
"07/25/2022, 15:08:46",2755.0,220
"07/25/2022, 15:08:50",2755.0,220
"07/25/2022, 15:08:54",2755.0,220
"07/25/2022, 15:08:58",2754.0,220
"07/25/2022, 15:09:02",2754.0,220
"07/25/2022, 15:09:06",2754.0,220
"07/25/2022, 15:09:10",2754.0,220
"07/25/2022, 15:09:14",2754.0,220
"07/25/2022, 15:09:18",2754.0,220
"07/25/2022, 15:09:22",2754.0,220
"07/25/2022, 15:09:26",2754.0,220
"07/25/2022, 15:09:30",2754.0,220
"07/25/2022, 15:09:34",2754.0,220
"07/25/2022, 15:09:38",2753.625,220
"07/25/2022, 15:09:42",2753.375,220
"07/25/2022, 15:09:46",2753.0,220
"07/25/2022, 15:09:50",2753.0,220
"07/25/2022, 15:09:54",2753.0,220
"07/25/2022, 15:09:58",2753.0,220
"07/25/2022, 15:10:02",2753.0,220
"07/25/2022, 15:10:06",2753.0,220
"07/25/2022, 15:10:10",2753.0,220
"07/25/2022, 15:10:14",2753.0,220
"07/25/2022, 15:10:18",2753.0,220
"07/25/2022, 15:10:22",2753.0,220
"07/25/2022, 15:10:26",2753.0,220
"07/25/2022, 15:10:30",2753.0,220
"07/25/2022, 15:10:34",2752.875,220
"07/25/2022, 15:10:38",2752.875,220
"07/25/2022, 15:10:42",2752.0,220
"07/25/2022, 15:10:46",2752.0,220
"07/25/2022, 15:10:50",2752.0,220
"07/25/2022, 15:10:54",2752.0,220
"07/25/2022, 15:10:58",2752.0,220
"07/25/2022, 15:11:02",2752.0,220
"07/25/2022, 15:11:06",2752.0,220
"07/25/2022, 15:11:10",2752.0,220
"07/25/2022, 15:11:14",2752.0,220
"07/25/2022, 15:11:18",2751.875,220
"07/25/2022, 15:11:22",2751.0,220
"07/25/2022, 15:11:26",2751.25,220
"07/25/2022, 15:11:30",2751.0,220
"07/25/2022, 15:11:34",2751.0,220
"07/25/2022, 15:11:38",2751.0,220
"07/25/2022, 15:11:42",2751.0,220
"07/25/2022, 15:11:46",2750.75,220
"07/25/2022, 15:11:50",2751.0,220
"07/25/2022, 15:11:54",2750.75,220
"07/25/2022, 15:11:58",2750.625,220
"07/25/2022, 15:12:02",2750.0,220
"07/25/2022, 15:12:06",2750.0,220
"07/25/2022, 15:12:10",2750.0,220
"07/25/2022, 15:12:14",2750.0,220
"07/25/2022, 15:12:18",2750.0,220
"07/25/2022, 15:12:22",2750.0,220
"07/25/2022, 15:12:26",2750.0,220
"07/25/2022, 15:12:30",2750.0,220
"07/25/2022, 15:12:34",2750.0,220
"07/25/2022, 15:12:38",2750.0,220
"07/25/2022, 15:12:42",2749.375,220
"07/25/2022, 15:12:46",2749.125,220
"07/25/2022, 15:12:50",2749.0,220
"07/25/2022, 15:12:54",2749.0,220
"07/25/2022, 15:12:58",2749.0,220
"07/25/2022, 15:13:02",2749.0,220
"07/25/2022, 15:13:06",2749.0,220
"07/25/2022, 15:13:10",2749.0,220
"07/25/2022, 15:13:14",2749.0,220
"07/25/2022, 15:13:18",2749.0,220
"07/25/2022, 15:13:22",2748.5,220
"07/25/2022, 15:13:26",2748.25,220
"07/25/2022, 15:13:30",2748.75,220
"07/25/2022, 15:13:34",2748.0,220
"07/25/2022, 15:13:38",2748.0,220
"07/25/2022, 15:13:42",2748.0,220
"07/25/2022, 15:13:46",2748.0,220
"07/25/2022, 15:13:50",2748.0,220
"07/25/2022, 15:13:54",2747.875,220
"07/25/2022, 15:13:58",2747.5,220
"07/25/2022, 15:14:02",2747.125,220
"07/25/2022, 15:14:06",2747.0,220
"07/25/2022, 15:14:10",2747.0,220
"07/25/2022, 15:14:14",2747.0,220
"07/25/2022, 15:14:18",2747.0,220
"07/25/2022, 15:14:22",2747.0,220
"07/25/2022, 15:14:26",2747.0,220
"07/25/2022, 15:14:30",2747.0,220
"07/25/2022, 15:14:34",2747.0,220
"07/25/2022, 15:14:38",2747.0,220
"07/25/2022, 15:14:42",2747.0,220
"07/25/2022, 15:14:46",2746.875,220
"07/25/2022, 15:14:50",2746.75,220
"07/25/2022, 15:14:54",2746.0,220
"07/25/2022, 15:14:58",2746.0,220
"07/25/2022, 15:15:02",2746.0,220
"07/25/2022, 15:15:06",2746.0,220
"07/25/2022, 15:15:10",2746.0,220
"07/25/2022, 15:15:14",2746.0,220
"07/25/2022, 15:15:18",2746.0,220
"07/25/2022, 15:15:22",2746.0,220
"07/25/2022, 15:15:26",2746.0,220
"07/25/2022, 15:15:30",2746.0,220
"07/25/2022, 15:15:34",2746.0,220
"07/25/2022, 15:15:38",2745.625,220
"07/25/2022, 15:15:42",2745.0,220
"07/25/2022, 15:15:46",2745.0,220
"07/25/2022, 15:15:50",2745.0,220
"07/25/2022, 15:15:54",2745.0,220
"07/25/2022, 15:15:58",2745.0,220
"07/25/2022, 15:16:02",2745.0,220
"07/25/2022, 15:16:06",2745.0,220
"07/25/2022, 15:16:10",2745.0,220
"07/25/2022, 15:16:14",2745.0,220
"07/25/2022, 15:16:18",2745.0,220
"07/25/2022, 15:16:22",2744.625,220
"07/25/2022, 15:16:26",2744.0,220
"07/25/2022, 15:16:30",2744.0,220
"07/25/2022, 15:16:34",2744.0,220
"07/25/2022, 15:16:38",2744.125,220
"07/25/2022, 15:16:42",2744.0,220
"07/25/2022, 15:16:46",2744.0,220
"07/25/2022, 15:16:50",2744.0,220
"07/25/2022, 15:16:54",2744.0,220
"07/25/2022, 15:16:58",2744.0,220
"07/25/2022, 15:17:02",2744.0,220
"07/25/2022, 15:17:06",2744.0,220
"07/25/2022, 15:17:10",2743.375,220
"07/25/2022, 15:17:14",2743.25,220
"07/25/2022, 15:17:18",2743.0,220
"07/25/2022, 15:17:22",2743.0,220
"07/25/2022, 15:17:26",2743.0,220
"07/25/2022, 15:17:30",2743.0,220
"07/25/2022, 15:17:34",2743.0,220
"07/25/2022, 15:17:38",2743.0,220
"07/25/2022, 15:17:42",2743.0,220
"07/25/2022, 15:17:46",2743.0,220
"07/25/2022, 15:17:50",2743.0,220
"07/25/2022, 15:17:54",2743.0,220
"07/25/2022, 15:17:58",2742.625,220
"07/25/2022, 15:18:02",2742.125,220
"07/25/2022, 15:18:06",2742.0,220
"07/25/2022, 15:18:10",2742.0,220
"07/25/2022, 15:18:14",2742.0,220
"07/25/2022, 15:18:18",2742.0,220
"07/25/2022, 15:18:22",2742.0,220
"07/25/2022, 15:18:26",2742.0,220
"07/25/2022, 15:18:30",2742.0,220
"07/25/2022, 15:18:34",2742.0,220
"07/25/2022, 15:18:38",2742.0,220
"07/25/2022, 15:18:42",2742.0,220
"07/25/2022, 15:18:46",2742.0,220
"07/25/2022, 15:18:50",2741.875,220
"07/25/2022, 15:18:54",2741.375,220
"07/25/2022, 15:18:58",2741.0,220
"07/25/2022, 15:19:02",2741.0,220
"07/25/2022, 15:19:06",2741.0,220
"07/25/2022, 15:19:10",2741.0,220
"07/25/2022, 15:19:14",2741.0,220
"07/25/2022, 15:19:18",2741.0,220
"07/25/2022, 15:19:22",2741.0,220
"07/25/2022, 15:19:26",2741.0,220
"07/25/2022, 15:19:30",2741.0,220
"07/25/2022, 15:19:34",2741.0,220
"07/25/2022, 15:19:38",2741.0,220
"07/25/2022, 15:19:42",2740.25,220
"07/25/2022, 15:19:46",2740.25,220
"07/25/2022, 15:19:50",2740.0,220
"07/25/2022, 15:19:54",2740.0,220
"07/25/2022, 15:19:58",2740.0,220
"07/25/2022, 15:20:02",2740.0,220
"07/25/2022, 15:20:06",2740.0,220
"07/25/2022, 15:20:10",2740.0,220
"07/25/2022, 15:20:14",2740.0,220
"07/25/2022, 15:20:18",2740.0,220
"07/25/2022, 15:20:22",2740.0,220
"07/25/2022, 15:20:26",2739.375,220
"07/25/2022, 15:20:30",2739.0,220
"07/25/2022, 15:20:34",2739.0,220
"07/25/2022, 15:20:38",2739.0,220
"07/25/2022, 15:20:42",2739.0,220
"07/25/2022, 15:20:46",2739.0,220
"07/25/2022, 15:20:50",2739.0,220
"07/25/2022, 15:20:54",2739.0,220
"07/25/2022, 15:20:58",2739.0,220
"07/25/2022, 15:21:02",2739.0,220
"07/25/2022, 15:21:06",2739.0,220
"07/25/2022, 15:21:10",2739.0,220
"07/25/2022, 15:21:14",2739.0,220
"07/25/2022, 15:21:18",2739.0,220
"07/25/2022, 15:21:22",2739.0,220
"07/25/2022, 15:21:26",2738.0,220
"07/25/2022, 15:21:30",2738.0,220
"07/25/2022, 15:21:34",2738.0,220
"07/25/2022, 15:21:38",2738.0,220
"07/25/2022, 15:21:42",2738.0,220
"07/25/2022, 15:21:46",2738.0,220
"07/25/2022, 15:21:50",2738.0,220
"07/25/2022, 15:21:54",2738.0,220
"07/25/2022, 15:21:58",2738.0,220
"07/25/2022, 15:22:02",2738.0,220
"07/25/2022, 15:22:06",2738.0,220
"07/25/2022, 15:22:10",2737.5,220
"07/25/2022, 15:22:14",2737.5,220
"07/25/2022, 15:22:18",2737.0,220
"07/25/2022, 15:22:22",2737.0,220
"07/25/2022, 15:22:26",2737.0,220
"07/25/2022, 15:22:30",2737.0,220
"07/25/2022, 15:22:34",2737.0,220
"07/25/2022, 15:22:38",2737.0,220
"07/25/2022, 15:22:42",2737.0,220
"07/25/2022, 15:22:46",2737.0,220
"07/25/2022, 15:22:50",2737.0,220
"07/25/2022, 15:22:54",2737.0,220
"07/25/2022, 15:22:58",2737.0,220
"07/25/2022, 15:23:02",2737.0,220
"07/25/2022, 15:23:06",2736.875,220
"07/25/2022, 15:23:10",2736.0,220
"07/25/2022, 15:23:14",2736.0,220
"07/25/2022, 15:23:18",2736.0,220
"07/25/2022, 15:23:22",2736.0,220
"07/25/2022, 15:23:26",2736.0,220
"07/25/2022, 15:23:30",2736.0,220
"07/25/2022, 15:23:34",2736.0,220
"07/25/2022, 15:23:38",2736.0,220
"07/25/2022, 15:23:42",2736.0,220
"07/25/2022, 15:23:46",2736.0,220
"07/25/2022, 15:23:50",2736.0,220
"07/25/2022, 15:23:54",2736.0,220
"07/25/2022, 15:23:58",2736.0,220
"07/25/2022, 15:24:02",2735.5,220
"07/25/2022, 15:24:06",2735.625,220
"07/25/2022, 15:24:10",2736.0,220
"07/25/2022, 15:24:14",2735.25,220
"07/25/2022, 15:24:18",2735.0,220
"07/25/2022, 15:24:22",2736.0,220
"07/25/2022, 15:24:26",2735.75,220
"07/25/2022, 15:24:30",2735.0,220
"07/25/2022, 15:24:34",2735.625,220
"07/25/2022, 15:24:38",2735.25,220
"07/25/2022, 15:24:42",2746.0,220
"07/25/2022, 15:24:46",2745.625,220
"07/25/2022, 15:24:50",2748.0,220
"07/25/2022, 15:24:54",2749.0,220
"07/25/2022, 15:24:58",2749.0,220
"07/25/2022, 15:25:02",2749.0,220
"07/25/2022, 15:25:06",2749.0,220
"07/25/2022, 15:25:10",2749.0,220
"07/25/2022, 15:25:14",2749.0,220
"07/25/2022, 15:25:18",2749.0,220
"07/25/2022, 15:25:22",2749.0,220
"07/25/2022, 15:25:26",2749.0,220
"07/25/2022, 15:25:30",2749.0,220
"07/25/2022, 15:25:34",2748.0,220
"07/25/2022, 15:25:38",2748.0,220
"07/25/2022, 15:25:42",2748.0,220
"07/25/2022, 15:25:46",2748.0,220
"07/25/2022, 15:25:50",2748.0,220
"07/25/2022, 15:25:54",2748.0,220
"07/25/2022, 15:25:58",2748.0,220
"07/25/2022, 15:26:02",2747.875,220
"07/25/2022, 15:26:06",2747.375,220
"07/25/2022, 15:26:10",2747.375,220
"07/25/2022, 15:26:14",2747.0,220
"07/25/2022, 15:26:18",2747.0,220
"07/25/2022, 15:26:22",2747.0,220
"07/25/2022, 15:26:26",2747.0,220
"07/25/2022, 15:26:30",2747.0,220
"07/25/2022, 15:26:34",2747.0,220
"07/25/2022, 15:26:38",2747.0,220
"07/25/2022, 15:26:42",2747.0,220
"07/25/2022, 15:26:46",2747.0,220
"07/25/2022, 15:26:50",2747.0,220
"07/25/2022, 15:26:54",2746.875,220
"07/25/2022, 15:26:58",2746.0,220
"07/25/2022, 15:27:02",2746.0,220
"07/25/2022, 15:27:06",2746.0,220
"07/25/2022, 15:27:10",2746.0,220
"07/25/2022, 15:27:14",2746.0,220
"07/25/2022, 15:27:18",2746.0,220
"07/25/2022, 15:27:22",2746.0,220
"07/25/2022, 15:27:26",2746.0,220
"07/25/2022, 15:27:30",2746.0,220
"07/25/2022, 15:27:34",2746.0,220
"07/25/2022, 15:27:38",2746.0,220
"07/25/2022, 15:27:42",2745.875,220
"07/25/2022, 15:27:46",2745.25,220
"07/25/2022, 15:27:50",2745.375,220
"07/25/2022, 15:27:54",2745.0,220
"07/25/2022, 15:27:58",2745.0,220
"07/25/2022, 15:28:02",2745.0,220
"07/25/2022, 15:28:06",2745.0,220
"07/25/2022, 15:28:10",2745.0,220
"07/25/2022, 15:28:14",2745.0,220
"07/25/2022, 15:28:18",2745.0,220
"07/25/2022, 15:28:22",2744.0,220
"07/25/2022, 15:28:26",2744.0,220
"07/25/2022, 15:28:30",2744.0,220
"07/25/2022, 15:28:34",2744.0,220
"07/25/2022, 15:28:38",2744.0,220
"07/25/2022, 15:28:42",2744.0,220
"07/25/2022, 15:28:46",2744.0,220
"07/25/2022, 15:28:50",2744.0,220
"07/25/2022, 15:28:54",2744.0,220
"07/25/2022, 15:28:58",2744.0,220
"07/25/2022, 15:29:02",2743.25,220
"07/25/2022, 15:29:06",2743.0,220
"07/25/2022, 15:29:10",2743.0,220
"07/25/2022, 15:29:14",2743.0,220
"07/25/2022, 15:29:18",2743.0,220
"07/25/2022, 15:29:22",2744.0,220
"07/25/2022, 15:29:26",2744.0,220
"07/25/2022, 15:29:30",2744.0,220
"07/25/2022, 15:29:34",2744.0,220
"07/25/2022, 15:29:38",2744.0,220
"07/25/2022, 15:29:42",2744.0,220
"07/25/2022, 15:29:46",2743.375,220
"07/25/2022, 15:29:50",2743.0,220
"07/25/2022, 15:29:54",2743.0,220
"07/25/2022, 15:29:58",2743.0,220
"07/25/2022, 15:30:02",2743.0,220
"07/25/2022, 15:30:06",2743.0,220
"07/25/2022, 15:30:10",2743.0,220
"07/25/2022, 15:30:14",2743.0,220
"07/25/2022, 15:30:18",2743.0,220
"07/25/2022, 15:30:22",2743.0,220
"07/25/2022, 15:30:26",2743.0,220
"07/25/2022, 15:30:30",2743.0,220
"07/25/2022, 15:30:34",2743.0,220
"07/25/2022, 15:30:38",2743.0,220
"07/25/2022, 15:30:42",2742.625,220
"07/25/2022, 15:30:46",2742.0,220
"07/25/2022, 15:30:50",2742.0,220
"07/25/2022, 15:30:54",2742.0,220
"07/25/2022, 15:30:58",2742.0,220
"07/25/2022, 15:31:02",2742.0,220
"07/25/2022, 15:31:06",2742.0,220
"07/25/2022, 15:31:10",2742.0,220
"07/25/2022, 15:31:14",2742.0,220
"07/25/2022, 15:31:18",2742.0,220
"07/25/2022, 15:31:22",2741.0,220
"07/25/2022, 15:31:26",2741.0,220
"07/25/2022, 15:31:30",2741.0,220
"07/25/2022, 15:31:34",2741.0,220
"07/25/2022, 15:31:38",2741.0,220
"07/25/2022, 15:31:42",2741.0,220
"07/25/2022, 15:31:46",2741.0,220
"07/25/2022, 15:31:50",2741.0,220
"07/25/2022, 15:31:54",2741.0,220
"07/25/2022, 15:31:58",2741.0,220
"07/25/2022, 15:32:02",2741.125,220
"07/25/2022, 15:32:06",2740.0,220
"07/25/2022, 15:32:10",2739.0,220
"07/25/2022, 15:32:14",2739.0,220
"07/25/2022, 15:32:18",2739.0,220
"07/25/2022, 15:32:22",2739.0,220
"07/25/2022, 15:32:26",2739.0,220
"07/25/2022, 15:32:30",2739.0,220
"07/25/2022, 15:32:34",2739.0,220
"07/25/2022, 15:32:38",2739.0,220
"07/25/2022, 15:32:42",2739.0,220
"07/25/2022, 15:32:46",2739.0,220
"07/25/2022, 15:32:50",2739.0,220
"07/25/2022, 15:32:54",2738.0,220
"07/25/2022, 15:32:58",2738.125,220
"07/25/2022, 15:33:02",2738.0,220
"07/25/2022, 15:33:06",2738.0,220
"07/25/2022, 15:33:10",2738.0,220
"07/25/2022, 15:33:14",2738.0,220
"07/25/2022, 15:33:18",2738.0,220
"07/25/2022, 15:33:22",2738.0,220
"07/25/2022, 15:33:26",2738.0,220
"07/25/2022, 15:33:30",2738.0,220
"07/25/2022, 15:33:34",2738.0,220
"07/25/2022, 15:33:38",2738.0,220
"07/25/2022, 15:33:42",2738.0,220
"07/25/2022, 15:33:46",2738.0,220
"07/25/2022, 15:33:50",2738.0,220
"07/25/2022, 15:33:54",2738.0,220
"07/25/2022, 15:33:58",2738.0,220
"07/25/2022, 15:34:02",2738.0,220
"07/25/2022, 15:34:06",2737.375,220
"07/25/2022, 15:34:10",2737.25,220
"07/25/2022, 15:34:14",2737.0,220
"07/25/2022, 15:34:18",2737.0,220
"07/25/2022, 15:34:22",2737.0,220
"07/25/2022, 15:34:26",2737.0,220
"07/25/2022, 15:34:30",2737.0,220
"07/25/2022, 15:34:34",2737.0,220
"07/25/2022, 15:34:38",2737.0,220
"07/25/2022, 15:34:42",2737.0,220
"07/25/2022, 15:34:46",2737.0,220
"07/25/2022, 15:34:50",2737.0,220
"07/25/2022, 15:34:54",2736.25,220
"07/25/2022, 15:34:58",2736.5,220
"07/25/2022, 15:35:02",2736.0,220
"07/25/2022, 15:35:06",2736.0,220
"07/25/2022, 15:35:10",2736.0,220
"07/25/2022, 15:35:14",2736.0,220
"07/25/2022, 15:35:18",2736.0,220
"07/25/2022, 15:35:22",2736.0,220
"07/25/2022, 15:35:26",2736.0,220
"07/25/2022, 15:35:30",2736.0,220
"07/25/2022, 15:35:34",2736.0,220
"07/25/2022, 15:35:38",2736.0,220
"07/25/2022, 15:35:42",2735.5,220
"07/25/2022, 15:35:46",2735.0,220
"07/25/2022, 15:35:50",2735.0,220
"07/25/2022, 15:35:54",2735.0,220
"07/25/2022, 15:35:58",2735.0,220
"07/25/2022, 15:36:02",2735.0,220
"07/25/2022, 15:36:06",2734.75,220
"07/25/2022, 15:36:10",2734.0,220
"07/25/2022, 15:36:14",2734.375,220
"07/25/2022, 15:36:18",2735.0,220
"07/25/2022, 15:36:22",1090.125,220
"07/25/2022, 15:36:26",542.25,220
"07/25/2022, 15:36:30",542.5,220
"07/25/2022, 15:36:34",542.125,220
"07/25/2022, 15:36:38",542.5,220
"07/25/2022, 15:36:42",542.5,220
"07/25/2022, 15:36:46",542.25,220
"07/25/2022, 15:36:50",474.25,220
"07/25/2022, 15:36:54",474.625,220
"07/25/2022, 15:36:56",542.25,220
"07/25/2022, 15:36:58",542.0,220
"07/25/2022, 15:37:01",542.0,220
"07/25/2022, 15:37:02",542.375,220
"07/25/2022, 15:37:06",542.375,220
"07/25/2022, 15:37:10",542.25,220
"07/25/2022, 15:37:14",542.125,220
"07/25/2022, 15:37:18",541.0,220
"07/25/2022, 15:37:22",541.5,220
"07/25/2022, 15:37:26",542.0,220
"07/25/2022, 15:37:30",542.125,220
"07/25/2022, 15:37:34",541.875,220
"07/25/2022, 15:37:38",542.0,220
"07/25/2022, 15:37:42",542.25,220
"07/25/2022, 15:37:41",541.875,220
"07/25/2022, 15:37:46",541.75,220
"07/25/2022, 15:37:46",541.75,220
"07/25/2022, 15:37:50",542.25,220
"07/25/2022, 15:37:51",541.875,220
"07/25/2022, 15:37:54",542.125,220
"07/25/2022, 15:37:56",541.5,220
"07/25/2022, 15:37:58",542.0,220
"07/25/2022, 15:38:02",541.375,220
"07/25/2022, 15:38:01",541.375,220
"07/25/2022, 15:38:06",543.0,220
"07/25/2022, 15:38:10",406.75,220
"07/25/2022, 15:38:14",406.0,220
"07/25/2022, 15:38:16",542.375,220
"07/25/2022, 15:38:18",541.125,220
"07/25/2022, 15:38:21",542.625,220
"07/25/2022, 15:38:22",541.875,220
"07/25/2022, 15:38:26",541.75,220
"07/25/2022, 15:38:26",542.125,220
"07/25/2022, 15:38:30",542.125,220
"07/25/2022, 15:38:34",542.25,220
"07/25/2022, 15:38:38",541.75,220
"07/25/2022, 15:38:42",542.125,220
"07/25/2022, 15:38:46",542.0,220
"07/25/2022, 15:38:50",542.125,220
"07/25/2022, 15:38:54",542.375,220
"07/25/2022, 15:38:58",542.25,220
"07/25/2022, 15:39:02",541.625,220
"07/25/2022, 15:39:06",542.125,220
"07/25/2022, 15:39:10",542.0,220
"07/25/2022, 15:39:14",542.0,220
"07/25/2022, 15:39:18",541.5,220
"07/25/2022, 15:39:22",542.25,220
"07/25/2022, 15:39:26",542.125,220
"07/25/2022, 15:39:30",542.125,220
"07/25/2022, 15:39:34",541.875,220
"07/25/2022, 15:39:38",541.875,220
"07/25/2022, 15:39:42",541.75,220
"07/25/2022, 15:39:46",542.25,220
"07/25/2022, 15:39:50",541.875,220
"07/25/2022, 15:39:54",542.5,220
"07/25/2022, 15:39:58",541.875,220
"07/25/2022, 15:40:02",541.875,220
"07/25/2022, 15:40:06",542.5,220
"07/25/2022, 15:40:10",541.875,220
"07/25/2022, 15:40:14",542.125,220
"07/25/2022, 15:40:18",203.5,220
"07/25/2022, 15:40:22",203.0,220
"07/25/2022, 15:40:23",542.125,220
"07/25/2022, 15:40:26",542.375,220
"07/25/2022, 15:40:30",542.0,220
"07/25/2022, 15:40:34",542.5,220
"07/25/2022, 15:40:38",542.25,220
"07/25/2022, 15:40:42",542.75,220
"07/25/2022, 15:40:46",542.375,220
"07/25/2022, 15:40:50",407.0,220
"07/25/2022, 15:40:54",407.0,220
"07/25/2022, 15:40:55",542.25,220
"07/25/2022, 15:40:58",338.625,220
"07/25/2022, 15:41:02",542.25,220
"07/25/2022, 15:41:06",541.875,220
"07/25/2022, 15:41:10",541.75,220
"07/25/2022, 15:41:14",542.25,220
"07/25/2022, 15:41:18",541.75,220
"07/25/2022, 15:41:22",542.25,220
"07/25/2022, 15:41:26",542.125,220
"07/25/2022, 15:41:30",542.5,220
"07/25/2022, 15:41:34",542.25,220
"07/25/2022, 15:41:38",542.125,220
"07/25/2022, 15:41:42",542.5,220
"07/25/2022, 15:41:46",542.125,220
"07/25/2022, 15:41:50",542.875,220
"07/25/2022, 15:41:54",542.25,220
"07/25/2022, 15:41:58",542.125,220
"07/25/2022, 15:42:02",542.25,220
"07/25/2022, 15:42:06",542.25,220
"07/25/2022, 15:42:10",542.625,220
"07/25/2022, 15:42:14",542.375,220
"07/25/2022, 15:42:18",541.875,220
"07/25/2022, 15:42:22",542.625,220
"07/25/2022, 15:42:26",542.125,220
"07/25/2022, 15:42:30",542.0,220
"07/25/2022, 15:42:34",542.375,220
"07/25/2022, 15:42:38",542.875,220
"07/25/2022, 15:42:42",542.375,220
"07/25/2022, 15:42:46",542.25,220
"07/25/2022, 15:42:50",542.625,220
"07/25/2022, 15:42:54",541.875,220
"07/25/2022, 15:42:58",542.375,220
"07/25/2022, 15:43:02",542.25,220
"07/25/2022, 15:43:06",542.0,220
"07/25/2022, 15:43:10",542.0,220
"07/25/2022, 15:43:14",542.5,220
"07/25/2022, 15:43:18",542.625,220
"07/25/2022, 15:43:22",542.625,220
"07/25/2022, 15:43:26",542.25,220
"07/25/2022, 15:43:30",542.5,220
"07/25/2022, 15:43:34",542.375,220
"07/25/2022, 15:43:36",542.25,220
"07/25/2022, 15:43:38",542.375,220
"07/25/2022, 15:43:42",542.375,220
"07/25/2022, 15:43:46",542.75,220
"07/25/2022, 15:43:50",542.125,220
"07/25/2022, 15:43:54",542.25,220
"07/25/2022, 15:43:58",542.0,220
"07/25/2022, 15:44:02",541.875,220
"07/25/2022, 15:44:06",542.5,220
"07/25/2022, 15:44:10",542.625,220
"07/25/2022, 15:44:14",542.25,220
"07/25/2022, 15:44:18",542.375,220
"07/25/2022, 15:44:21",542.75,220
"07/25/2022, 15:44:22",542.625,220
"07/25/2022, 15:44:26",542.625,220
"07/25/2022, 15:44:26",542.25,220
"07/25/2022, 15:44:30",339.125,220
"07/25/2022, 15:44:31",542.625,220
"07/25/2022, 15:44:34",203.625,220
"07/25/2022, 15:44:36",543.125,220
"07/25/2022, 15:44:38",542.625,220
"07/25/2022, 15:44:41",542.875,220
"07/25/2022, 15:44:42",542.0,220
"07/25/2022, 15:44:46",542.25,220
"07/25/2022, 15:44:46",542.5,220
"07/25/2022, 15:44:50",339.5,220
"07/25/2022, 15:44:51",542.625,220
"07/25/2022, 15:44:54",203.0,220
"07/25/2022, 15:44:56",542.75,220
"07/25/2022, 15:44:58",542.5,220
"07/25/2022, 15:45:01",1547.375,220
"07/25/2022, 15:45:02",2414.375,220
"07/25/2022, 15:45:06",541.75,220
"07/25/2022, 15:45:06",541.25,220
"07/25/2022, 15:45:10",338.375,220
"07/25/2022, 15:45:11",541.75,220
"07/25/2022, 15:45:14",203.125,220
"07/25/2022, 15:45:16",542.75,220
"07/25/2022, 15:45:18",538.5,220
"07/25/2022, 15:45:21",541.625,220
"07/25/2022, 15:45:22",541.875,220
"07/25/2022, 15:45:26",539.5,220
"07/25/2022, 15:45:26",540.75,220
"07/25/2022, 15:45:30",541.25,220
"07/25/2022, 15:45:31",541.75,220
"07/25/2022, 15:45:34",541.875,220
"07/25/2022, 15:45:36",541.75,220
"07/25/2022, 15:45:38",542.5,220
"07/25/2022, 15:45:41",542.0,220
"07/25/2022, 15:45:42",541.875,220
"07/25/2022, 15:45:46",541.375,220
"07/25/2022, 15:45:46",542.5,220
"07/25/2022, 15:45:50",541.875,220
"07/25/2022, 15:45:51",542.375,220
"07/25/2022, 15:45:54",541.625,220
"07/25/2022, 15:45:56",542.625,220
"07/25/2022, 15:45:58",541.875,220
"07/25/2022, 15:46:01",542.125,220
"07/25/2022, 15:46:02",542.25,220
"07/25/2022, 15:46:06",542.25,220
"07/25/2022, 15:46:06",541.75,220
"07/25/2022, 15:46:10",542.0,220
"07/25/2022, 15:46:11",1068.75,220
"07/25/2022, 15:46:14",703.0,220
"07/25/2022, 15:46:16",750.25,220
"07/25/2022, 15:46:18",541.625,220
"07/25/2022, 15:46:21",540.625,220
"07/25/2022, 15:46:22",541.125,220
"07/25/2022, 15:46:26",541.75,220
"07/25/2022, 15:46:26",541.5,220
"07/25/2022, 15:46:30",541.125,220
"07/25/2022, 15:46:31",541.375,220
"07/25/2022, 15:46:34",202.875,220
"07/25/2022, 15:46:36",540.75,220
"07/25/2022, 15:46:38",540.25,220
"07/25/2022, 15:46:41",541.0,220
"07/25/2022, 15:46:42",540.875,220
"07/25/2022, 15:46:46",540.875,220
"07/25/2022, 15:46:50",541.375,220
"07/25/2022, 15:46:54",541.25,220
"07/25/2022, 15:46:58",541.375,220
"07/25/2022, 15:47:02",541.375,220
"07/25/2022, 15:47:06",541.875,220
"07/25/2022, 15:47:10",541.875,220
"07/25/2022, 15:47:14",541.375,220
"07/25/2022, 15:47:18",541.75,220
"07/25/2022, 15:47:22",541.625,220
"07/25/2022, 15:47:26",339.0,220
"07/25/2022, 15:47:30",338.75,220
"07/25/2022, 15:47:32",540.875,220
"07/25/2022, 15:47:34",542.25,220
"07/25/2022, 15:47:37",541.375,220
"07/25/2022, 15:47:38",541.875,220
"07/25/2022, 15:47:42",542.25,220
"07/25/2022, 15:47:42",540.125,220
"07/25/2022, 15:47:46",203.5,220
"07/25/2022, 15:47:47",541.125,220
"07/25/2022, 15:47:50",338.375,220
"07/25/2022, 15:47:52",541.125,220
"07/25/2022, 15:47:54",542.0,220
"07/25/2022, 15:47:57",541.625,220
"07/25/2022, 15:47:58",542.0,220
"07/25/2022, 15:48:02",542.75,220
"07/25/2022, 15:48:02",540.0,220
"07/25/2022, 15:48:06",203.375,220
"07/25/2022, 15:48:07",541.25,220
"07/25/2022, 15:48:10",339.0,220
"07/25/2022, 15:48:12",540.875,220
"07/25/2022, 15:48:14",542.0,220
"07/25/2022, 15:48:17",541.375,220
"07/25/2022, 15:48:18",542.5,220
"07/25/2022, 15:48:22",542.5,220
"07/25/2022, 15:48:22",540.25,220
"07/25/2022, 15:48:26",203.5,220
"07/25/2022, 15:48:27",541.375,220
"07/25/2022, 15:48:30",338.5,220
"07/25/2022, 15:48:32",541.25,220
"07/25/2022, 15:48:34",542.125,220
"07/25/2022, 15:48:37",542.0,220
"07/25/2022, 15:48:38",542.75,220
"07/25/2022, 15:48:42",338.875,220
"07/25/2022, 15:48:46",542.25,220
"07/25/2022, 15:48:50",542.75,220
"07/25/2022, 15:48:54",542.375,220
"07/25/2022, 15:48:58",542.0,220
"07/25/2022, 15:49:02",542.0,220
"07/25/2022, 15:49:06",542.375,220
"07/25/2022, 15:49:10",541.75,220
"07/25/2022, 15:49:14",542.0,220
"07/25/2022, 15:49:18",542.5,220
"07/25/2022, 15:49:22",542.0,220
"07/25/2022, 15:49:26",542.375,220
"07/25/2022, 15:49:30",542.375,220
"07/25/2022, 15:49:34",542.5,220
"07/25/2022, 15:49:38",542.625,220
"07/25/2022, 15:49:42",542.5,220
"07/25/2022, 15:49:46",542.375,220
"07/25/2022, 15:49:50",542.5,220
"07/25/2022, 15:49:54",542.75,220
"07/25/2022, 15:49:58",406.625,220
"07/25/2022, 15:50:02",542.125,220
"07/25/2022, 15:50:06",542.5,220
"07/25/2022, 15:50:10",542.625,220
"07/25/2022, 15:50:14",542.5,220
"07/25/2022, 15:50:18",542.625,220
"07/25/2022, 15:50:22",542.75,220
"07/25/2022, 15:50:26",542.625,220
"07/25/2022, 15:50:30",542.5,220
"07/25/2022, 15:50:34",543.0,220
"07/25/2022, 15:50:38",542.375,220
"07/25/2022, 15:50:42",542.75,220
"07/25/2022, 15:50:46",542.625,220
"07/25/2022, 15:50:50",542.5,220
"07/25/2022, 15:50:54",542.5,220
"07/25/2022, 15:50:58",542.625,220
"07/25/2022, 15:51:02",542.5,220
"07/25/2022, 15:51:06",542.375,220
"07/25/2022, 15:51:10",542.75,220
"07/25/2022, 15:51:14",542.375,220
"07/25/2022, 15:51:18",542.125,220
"07/25/2022, 15:51:22",542.625,220
"07/25/2022, 15:51:26",543.0,220
"07/25/2022, 15:51:30",542.5,220
"07/25/2022, 15:51:34",542.75,220
"07/25/2022, 15:51:38",542.875,220
"07/25/2022, 15:51:42",542.875,220
"07/25/2022, 15:51:46",542.375,220
"07/25/2022, 15:51:50",542.875,220
"07/25/2022, 15:51:54",542.625,220
"07/25/2022, 15:51:58",542.625,220
"07/25/2022, 15:52:02",542.625,220
"07/25/2022, 15:52:06",542.625,220
"07/25/2022, 15:52:10",542.875,220
"07/25/2022, 15:52:14",542.5,220
"07/25/2022, 15:52:18",542.625,220
"07/25/2022, 15:52:22",543.0,220
"07/25/2022, 15:52:26",543.0,220
"07/25/2022, 15:52:30",543.125,220
"07/25/2022, 15:52:34",543.5,220
"07/25/2022, 15:52:38",543.375,220
"07/25/2022, 15:52:42",542.875,220
"07/25/2022, 15:52:46",543.25,220
"07/25/2022, 15:52:50",542.375,220
"07/25/2022, 15:52:54",543.0,220
"07/25/2022, 15:52:58",542.5,220
"07/25/2022, 15:53:02",543.125,220
"07/25/2022, 15:53:06",542.75,220
"07/25/2022, 15:53:10",543.125,220
"07/25/2022, 15:53:14",542.75,220
"07/25/2022, 15:53:18",542.75,220
"07/25/2022, 15:53:22",543.0,220
"07/25/2022, 15:53:26",542.875,220
"07/25/2022, 15:53:30",542.875,220
"07/25/2022, 15:53:34",542.875,220
"07/25/2022, 15:53:38",543.0,220
"07/25/2022, 15:53:42",542.5,220
"07/25/2022, 15:53:46",543.0,220
"07/25/2022, 15:53:50",543.125,220
"07/25/2022, 15:53:54",542.875,220
"07/25/2022, 15:53:58",543.375,220
"07/25/2022, 15:54:02",543.25,220
"07/25/2022, 15:54:06",271.25,220
"07/25/2022, 15:54:10",271.375,220
"07/25/2022, 15:54:14",271.25,220
"07/25/2022, 15:54:18",271.75,220
"07/25/2022, 15:54:22",271.625,220
"07/25/2022, 15:54:26",271.375,220
"07/25/2022, 15:54:30",271.25,220
"07/25/2022, 15:54:34",271.375,220
"07/25/2022, 15:54:38",271.375,220
"07/25/2022, 15:54:42",271.5,220
"07/25/2022, 15:54:46",271.625,220
"07/25/2022, 15:54:50",542.625,220
"07/25/2022, 15:54:54",542.5,220
"07/25/2022, 15:54:58",543.125,220
"07/25/2022, 15:55:02",543.125,220
"07/25/2022, 15:55:06",271.5,220
"07/25/2022, 15:55:10",542.875,220
"07/25/2022, 15:55:14",542.75,220
"07/25/2022, 15:55:18",542.625,220
"07/25/2022, 15:55:22",542.375,220
"07/25/2022, 15:55:26",542.875,220
"07/25/2022, 15:55:30",542.5,220
"07/25/2022, 15:55:34",542.875,220
"07/25/2022, 15:55:38",542.75,220
"07/25/2022, 15:55:42",407.375,220
"07/25/2022, 15:55:46",407.375,220
"07/25/2022, 15:55:50",407.25,220
"07/25/2022, 15:55:54",542.5,220
"07/25/2022, 15:55:58",543.0,220
"07/25/2022, 15:56:02",543.25,220
"07/25/2022, 15:56:06",543.0,220
"07/25/2022, 15:56:10",542.625,220
"07/25/2022, 15:56:14",542.625,220
"07/25/2022, 15:56:18",542.75,220
"07/25/2022, 15:56:22",543.125,220
"07/25/2022, 15:56:26",542.625,220
"07/25/2022, 15:56:30",543.0,220
"07/25/2022, 15:56:34",543.125,220
"07/25/2022, 15:56:38",543.0,220
"07/25/2022, 15:56:42",0.0,220
"07/25/2022, 15:56:46",203.75,220
"07/25/2022, 15:56:50",203.75,220
"07/25/2022, 15:56:54",203.5,220
"07/25/2022, 15:56:58",203.625,220
"07/25/2022, 15:57:02",203.625,220
"07/25/2022, 15:57:06",203.375,220
"07/25/2022, 15:57:10",203.75,220
"07/25/2022, 15:57:14",203.75,220
"07/25/2022, 15:57:18",543.0,220
"07/25/2022, 15:57:22",543.125,220
"07/25/2022, 15:57:26",543.25,220
"07/25/2022, 15:57:30",543.125,220
"07/25/2022, 15:57:34",543.375,220
"07/25/2022, 15:57:38",542.875,220
"07/25/2022, 15:57:42",543.25,220
"07/25/2022, 15:57:46",543.125,220
"07/25/2022, 15:57:50",543.375,220
"07/25/2022, 15:57:54",543.125,220
"07/25/2022, 15:57:58",543.125,220
"07/25/2022, 15:58:02",543.0,220
"07/25/2022, 15:58:06",543.0,220
"07/25/2022, 15:58:10",543.25,220
"07/25/2022, 15:58:14",543.0,220
"07/25/2022, 15:58:18",542.75,220
"07/25/2022, 15:58:22",543.0,220
"07/25/2022, 15:58:26",543.625,220
"07/25/2022, 15:58:30",543.375,220
"07/25/2022, 15:58:34",543.125,220
"07/25/2022, 15:58:38",543.375,220
"07/25/2022, 15:58:42",543.625,220
"07/25/2022, 15:58:46",543.0,220
"07/25/2022, 15:58:50",542.75,220
"07/25/2022, 15:58:54",136.375,220
"07/25/2022, 15:58:58",543.125,220
"07/25/2022, 15:59:02",543.25,220
"07/25/2022, 15:59:06",543.5,220
"07/25/2022, 15:59:10",542.625,220
"07/25/2022, 15:59:14",543.375,220
"07/25/2022, 15:59:18",543.5,220
"07/25/2022, 15:59:22",542.75,220
"07/25/2022, 15:59:26",542.375,220
"07/25/2022, 15:59:30",543.0,220
"07/25/2022, 15:59:34",542.875,220
"07/25/2022, 15:59:38",543.625,220
"07/25/2022, 15:59:42",542.75,220
"07/25/2022, 15:59:46",542.75,220
"07/25/2022, 15:59:50",542.75,220
"07/25/2022, 15:59:54",543.125,220
"07/25/2022, 15:59:58",542.875,220
"07/25/2022, 16:00:02",543.375,220
"07/25/2022, 16:00:06",543.0,220
"07/25/2022, 16:00:10",543.125,220
"07/25/2022, 16:00:14",543.5,220
"07/25/2022, 16:00:18",543.125,220
"07/25/2022, 16:00:22",543.25,220
"07/25/2022, 16:00:26",543.625,220
"07/25/2022, 16:00:30",543.5,220
"07/25/2022, 16:00:34",543.0,220
"07/25/2022, 16:00:38",543.0,220
"07/25/2022, 16:00:42",543.0,220
"07/25/2022, 16:00:46",543.375,220
"07/25/2022, 16:00:50",542.875,220
"07/25/2022, 16:00:54",543.25,220
"07/25/2022, 16:00:58",543.0,220
"07/25/2022, 16:01:02",542.25,220
                                                                                                       "07/26/2022, 09:44:58",1076.0,220
"07/26/2022, 09:45:02",1076.0,220
"07/26/2022, 09:45:06",1075.0,220
"07/26/2022, 09:45:10",1075.0,220
"07/26/2022, 09:45:14",1075.0,220
"07/26/2022, 09:45:18",1075.0,220
"07/26/2022, 09:45:22",1074.0,220
"07/26/2022, 09:45:26",1074.0,220
"07/26/2022, 09:45:30",1074.0,220
"07/26/2022, 09:45:34",1074.0,220
"07/26/2022, 09:45:38",1073.0,220
"07/26/2022, 09:45:42",1073.0,220
"07/26/2022, 09:45:46",1073.0,220
"07/26/2022, 09:45:50",1072.875,220
"07/26/2022, 09:45:54",1072.0,220
"07/26/2022, 09:45:58",1072.0,220
"07/26/2022, 09:46:02",1072.0,220
"07/26/2022, 09:46:06",1071.0,220
"07/26/2022, 09:46:10",1071.0,220
"07/26/2022, 09:46:14",1071.0,220
"07/26/2022, 09:46:18",1071.0,220
"07/26/2022, 09:46:22",1071.0,220
"07/26/2022, 09:46:26",1070.0,220
"07/26/2022, 09:46:30",1070.0,220
"07/26/2022, 09:46:34",1070.0,220
"07/26/2022, 09:46:38",1070.0,220
"07/26/2022, 09:46:42",1070.0,220
"07/26/2022, 09:46:46",1069.0,220
"07/26/2022, 09:46:50",1069.0,220
"07/26/2022, 09:46:54",1069.0,220
"07/26/2022, 09:46:58",1068.0,220
"07/26/2022, 09:47:02",1068.0,220
"07/26/2022, 09:47:06",1068.0,220
"07/26/2022, 09:47:10",1068.0,220
"07/26/2022, 09:47:14",1068.0,220
"07/26/2022, 09:47:18",1067.875,220
"07/26/2022, 09:47:22",1067.0,220
"07/26/2022, 09:47:26",1067.0,220
"07/26/2022, 09:47:30",1067.0,220
"07/26/2022, 09:47:34",1067.0,220
"07/26/2022, 09:47:38",1066.0,220
"07/26/2022, 09:47:42",1157.75,220
"07/26/2022, 09:47:46",1092.875,220
"07/26/2022, 09:47:50",1084.0,220
"07/26/2022, 09:47:54",1080.625,220
"07/26/2022, 09:47:58",1079.0,220
"07/26/2022, 09:48:02",1077.625,220
"07/26/2022, 09:48:06",1077.0,220
"07/26/2022, 09:48:10",1076.0,220
"07/26/2022, 09:48:14",1075.0,220
"07/26/2022, 09:48:18",1075.0,220
"07/26/2022, 09:48:22",1074.0,220
"07/26/2022, 09:48:26",1074.0,220
"07/26/2022, 09:48:30",1073.0,220
"07/26/2022, 09:48:34",1073.0,220
"07/26/2022, 09:48:38",1073.0,220
"07/26/2022, 09:48:42",1072.0,220
"07/26/2022, 09:48:46",1072.0,220
"07/26/2022, 09:48:57",1071.0,220
"07/26/2022, 09:49:01",1071.0,220
"07/26/2022, 09:49:05",1071.0,220
"07/26/2022, 09:49:09",1071.0,220
"07/26/2022, 09:49:13",1070.0,220
"07/26/2022, 09:49:17",1070.0,220
"07/26/2022, 09:49:21",1070.0,220
"07/26/2022, 09:49:25",1069.25,220
"07/26/2022, 09:49:29",1069.0,220
"07/26/2022, 09:49:33",1069.0,220
"07/26/2022, 09:49:37",1069.0,220
"07/26/2022, 09:49:41",1068.125,220
"07/26/2022, 09:49:45",1068.0,220
"07/26/2022, 09:49:49",1068.0,220
"07/26/2022, 09:49:53",1068.0,220
"07/26/2022, 09:49:57",1068.0,220
"07/26/2022, 09:50:01",1067.0,220
"07/26/2022, 09:50:05",1067.0,220
"07/26/2022, 09:50:09",1067.0,220
"07/26/2022, 09:50:13",1066.875,220
"07/26/2022, 09:50:17",1066.0,220
"07/26/2022, 09:50:21",1066.0,220
"07/26/2022, 09:50:25",1066.0,220
"07/26/2022, 09:50:29",1066.0,220
"07/26/2022, 09:50:33",1065.0,220
"07/26/2022, 09:50:37",1065.0,220
"07/26/2022, 09:50:41",1065.0,220
"07/26/2022, 09:50:45",1065.0,220
"07/26/2022, 09:50:49",1065.0,220
"07/26/2022, 09:50:53",1064.0,220
"07/26/2022, 09:50:57",1064.0,220
"07/26/2022, 09:51:01",1064.0,220
"07/26/2022, 09:51:05",1064.0,220
"07/26/2022, 09:51:09",1064.0,220
"07/26/2022, 09:51:13",1064.0,220
"07/26/2022, 09:51:17",1063.0,220
"07/26/2022, 09:51:21",1063.0,220
"07/26/2022, 09:51:25",1063.0,220
"07/26/2022, 09:51:29",1063.0,220
"07/26/2022, 09:51:33",1062.125,220
"07/26/2022, 09:51:37",1062.0,220
"07/26/2022, 09:51:41",1062.0,220
"07/26/2022, 09:51:45",1062.0,220
"07/26/2022, 09:51:49",1062.0,220
"07/26/2022, 09:51:53",1061.0,220
"07/26/2022, 09:51:57",1061.0,220
"07/26/2022, 09:52:01",2100.25,220000
"07/26/2022, 09:52:05",2380.0,220000
"07/26/2022, 09:52:09",2486.125,220000
"07/26/2022, 09:52:13",2546.75,220000
"07/26/2022, 09:52:17",2592.125,220000
"07/26/2022, 09:52:21",2633.375,220000
"07/26/2022, 09:52:25",2675.5,220000
"07/26/2022, 09:52:29",2721.5,220000
"07/26/2022, 09:52:33",2770.75,220000
"07/26/2022, 09:52:37",2822.0,220000
"07/26/2022, 09:52:41",2872.5,220000
"07/26/2022, 09:52:45",2920.0,220000
"07/26/2022, 09:52:49",2963.25,220000
"07/26/2022, 09:52:53",3001.75,220000
"07/26/2022, 09:52:57",3036.5,220000
"07/26/2022, 09:53:01",1580.5,220
"07/26/2022, 09:53:05",1445.375,220
"07/26/2022, 09:53:09",1381.25,220
"07/26/2022, 09:53:13",1337.375,220
"07/26/2022, 09:53:17",1301.5,220
"07/26/2022, 09:53:21",1269.75,220
"07/26/2022, 09:53:25",1241.375,220
"07/26/2022, 09:53:29",1216.25,220
"07/26/2022, 09:53:33",1194.375,220
"07/26/2022, 09:53:37",1175.5,220
"07/26/2022, 09:53:41",1159.75,220
"07/26/2022, 09:53:45",1146.625,220
"07/26/2022, 09:53:49",1135.625,220
"07/26/2022, 09:53:53",1126.5,220
"07/26/2022, 09:53:57",1118.75,220
"07/26/2022, 09:54:01",1112.375,220
"07/26/2022, 09:54:05",1106.75,220
"07/26/2022, 09:54:09",1102.25,220
"07/26/2022, 09:54:13",1098.125,220
"07/26/2022, 09:54:17",1094.5,220
"07/26/2022, 09:54:21",1091.125,220
"07/26/2022, 09:54:25",1088.5,220
"07/26/2022, 09:54:29",1086.0,220
"07/26/2022, 09:54:33",1084.0,220
"07/26/2022, 09:54:37",1082.0,220
"07/26/2022, 09:54:41",1080.0,220
"07/26/2022, 09:54:45",1078.0,220
"07/26/2022, 09:54:49",1077.0,220
"07/26/2022, 09:54:53",1075.125,220
"07/26/2022, 09:54:57",1074.0,220
"07/26/2022, 09:55:01",1073.0,220
"07/26/2022, 09:55:05",1072.0,220
"07/26/2022, 09:55:09",1071.0,220
"07/26/2022, 09:55:13",1070.0,220
"07/26/2022, 09:55:17",1069.0,220
"07/26/2022, 09:55:21",1068.0,220
"07/26/2022, 09:55:25",1067.0,220
"07/26/2022, 09:55:29",1066.875,220
"07/26/2022, 09:55:33",1066.0,220
"07/26/2022, 09:55:37",1065.0,220
"07/26/2022, 09:55:41",1064.0,220
"07/26/2022, 09:55:45",1064.0,220
"07/26/2022, 09:55:49",1063.0,220
"07/26/2022, 09:55:53",1062.75,220
"07/26/2022, 09:55:57",1062.0,220
"07/26/2022, 09:56:01",2134.25,220000
"07/26/2022, 09:56:05",2387.875,220000
"07/26/2022, 09:56:09",2477.625,220000
"07/26/2022, 09:56:13",2532.875,220000
"07/26/2022, 09:56:17",2578.75,220000
"07/26/2022, 09:56:21",2624.0,220000
"07/26/2022, 09:56:25",2674.125,220000
"07/26/2022, 09:56:29",2732.0,220000
"07/26/2022, 09:56:33",2794.375,220000
"07/26/2022, 09:56:37",2855.125,220000
"07/26/2022, 09:56:41",2909.75,220000
"07/26/2022, 09:56:45",2957.875,220000
"07/26/2022, 09:56:49",2999.875,220000
"07/26/2022, 09:56:53",3036.125,220000
"07/26/2022, 09:56:57",3067.5,220000
"07/26/2022, 09:57:01",1584.375,220
"07/26/2022, 09:57:05",1451.625,220
"07/26/2022, 09:57:09",1388.125,220
"07/26/2022, 09:57:13",1344.625,220
"07/26/2022, 09:57:17",1308.5,220
"07/26/2022, 09:57:21",1276.5,220
"07/26/2022, 09:57:25",1246.625,220
"07/26/2022, 09:57:29",1219.875,220
"07/26/2022, 09:57:33",1196.375,220
"07/26/2022, 09:57:37",1175.875,220
"07/26/2022, 09:57:41",1158.5,220
"07/26/2022, 09:57:45",1144.375,220
"07/26/2022, 09:57:49",1132.5,220
"07/26/2022, 09:57:53",1122.75,220
"07/26/2022, 09:57:57",1114.5,220
"07/26/2022, 09:58:01",1107.625,220
"07/26/2022, 09:58:05",1102.125,220
"07/26/2022, 09:58:09",1097.25,220
"07/26/2022, 09:58:13",1093.0,220
"07/26/2022, 09:58:17",1089.375,220
"07/26/2022, 09:58:21",1086.125,220
"07/26/2022, 09:58:25",1083.25,220
"07/26/2022, 09:58:29",1081.0,220
"07/26/2022, 09:58:33",1078.75,220
"07/26/2022, 09:58:37",1076.75,220
"07/26/2022, 09:58:41",1075.0,220
"07/26/2022, 09:58:45",1073.0,220
"07/26/2022, 09:58:49",1071.875,220
"07/26/2022, 09:58:53",1070.0,220
"07/26/2022, 09:58:57",1069.0,220
"07/26/2022, 09:59:01",1068.0,220
"07/26/2022, 09:59:05",1067.0,220
"07/26/2022, 09:59:09",1065.875,220
"07/26/2022, 09:59:13",1065.0,220
"07/26/2022, 09:59:17",1064.0,220
"07/26/2022, 09:59:21",1063.0,220
"07/26/2022, 09:59:25",1062.0,220
"07/26/2022, 09:59:29",1061.0,220
"07/26/2022, 09:59:33",1061.0,220
"07/26/2022, 09:59:37",1060.0,220
"07/26/2022, 09:59:41",1059.0,220
"07/26/2022, 09:59:45",1059.0,220
"07/26/2022, 09:59:49",1058.0,220
"07/26/2022, 09:59:53",1057.75,220
"07/26/2022, 09:59:57",1057.0,220
"07/26/2022, 10:00:01",2142.625,220000
"07/26/2022, 10:00:05",2385.125,220000
"07/26/2022, 10:00:09",2472.875,220000
"07/26/2022, 10:00:13",2527.75,220000
"07/26/2022, 10:00:17",2572.625,220000
"07/26/2022, 10:00:21",2615.625,220000
"07/26/2022, 10:00:25",2662.25,220000
"07/26/2022, 10:00:29",2716.625,220000
"07/26/2022, 10:00:33",2781.0,220000
"07/26/2022, 10:00:37",2845.0,220000
"07/26/2022, 10:00:41",2902.5,220000
"07/26/2022, 10:00:45",2952.5,220000
"07/26/2022, 10:00:49",2996.0,220000
"07/26/2022, 10:00:53",3033.625,220000
"07/26/2022, 10:00:57",3066.375,220000
"07/26/2022, 10:01:01",1583.75,220
"07/26/2022, 10:01:05",1452.375,220
"07/26/2022, 10:01:09",1389.125,220
"07/26/2022, 10:01:13",1345.375,220
"07/26/2022, 10:01:17",1308.75,220
"07/26/2022, 10:01:21",1275.5,220
"07/26/2022, 10:01:25",1244.5,220
"07/26/2022, 10:01:29",1216.625,220
"07/26/2022, 10:01:33",1191.75,220
"07/26/2022, 10:01:37",1170.375,220
"07/26/2022, 10:01:41",1152.5,220
"07/26/2022, 10:01:45",1137.375,220
"07/26/2022, 10:01:49",1125.125,220
"07/26/2022, 10:01:53",1115.25,220
"07/26/2022, 10:01:57",1107.0,220
"07/26/2022, 10:02:01",1100.25,220
"07/26/2022, 10:02:05",1094.5,220
"07/26/2022, 10:02:09",1089.625,220
"07/26/2022, 10:02:13",1085.625,220
"07/26/2022, 10:02:17",1082.0,220
"07/26/2022, 10:02:21",1079.125,220
"07/26/2022, 10:02:25",1076.375,220
"07/26/2022, 10:02:29",1074.0,220
"07/26/2022, 10:02:33",1072.0,220
"07/26/2022, 10:02:37",1070.0,220
"07/26/2022, 10:02:41",1068.0,220
"07/26/2022, 10:02:45",1066.75,220
"07/26/2022, 10:02:49",1065.0,220
"07/26/2022, 10:02:53",1064.0,220
